County,Hospital City,Hospital Name,Hospital Zipcode,lon,lat,Hospital Address,Hospital Geoapify Category,Hospital Place ID,Source Hospital Name,Hospital Phone,Hospital Website
Alamance County,Burlington,Alamance Regional Medical Center,27215,-79.50137695116723,36.061831999999995,"Alamance Regional Medical Center, 1240 Huffman Mill Road, Burlington, NC 27215, United States of America","['healthcare', 'healthcare.hospital']",5100e83ca416e053c0598cfa4f96d4074240f00102f901a20f7e3a00000000920320416c616d616e636520526567696f6e616c204d65646963616c2043656e746572,Alamance Regional Medical Center,+1 336 538 7000,http://www.armc.com/armc-main/
Alleghany County,Sparta,No Name Given - Possible branch of main Hospital,28675,-81.11473723112195,36.5095217,"Cherry Street, Sparta, NC 28675, United States of America",['healthcare.hospital'],51109a0144594754c0598a0be0ff38414240f00102f901affeb41b00000000,,,
Anson County,Wadesboro,Anson Community Hospital,28170,-80.11005801764225,34.97751385,"Anson Community Hospital, 2301 W. Cliff Martin Highway, Wadesboro, NC 28170, United States of America","['healthcare', 'healthcare.hospital']",51ff4b67ec0a0754c05987d13e78227d4140f00102f9017afcc91b00000000920318416e736f6e20436f6d6d756e69747920486f73706974616c,Anson Community Hospital,+1 704 994 4500,http://www.carolinashealthcare.org/locations/carolinas-healthcare-system-anson
Ashe County,Jefferson,Ashe Memorial Hospital,28640,-81.45782192490572,36.423468799999995,"Ashe Memorial Hospital, 200 Hospital Avenue, Jefferson, NC 28640, United States of America","['healthcare', 'healthcare.hospital']",519b6b8e0a4b5d54c05936c8cd4c2f364240f00102f901570c4b230000000092031641736865204d656d6f7269616c20486f73706974616c,Ashe Memorial Hospital,+1 336 846 7101,http://www.ashememorial.org/
Avery County,,No Name Given - Possible branch of main Hospital,28653,-81.88913735117836,36.06062875000001,"Hospital Drive, Avery County, NC 28653, United States of America","['healthcare', 'healthcare.hospital']",511d6ab73fe17854c05956d9eb67ca074240f00102f9011bcc2d2700000000,,,
Beaufort County,Washington,Vidant Beaufort Hospital,27889,-77.03809766032161,35.54923895,"Vidant Beaufort Hospital, 628 East 12th Street, Washington, NC 27889, United States of America","['building', 'building.healthcare', 'healthcare', 'healthcare.hospital']",51098608c66c4253c05907f29cbe4bc64140f00102f9015068d51b00000000920318566964616e742042656175666f727420486f73706974616c,Vidant Beaufort Hospital,+1 252 975 4100,https://www.vidanthealth.com/vidant/dynamic-detail.aspx?id=11780
Bertie County,Windsor,Vidant Bertie Hospital,27983,-76.9289431348214,35.9885957,"Vidant Bertie Hospital, 1403 South King Street, Windsor, NC 27983, United States of America",['healthcare.hospital'],51b4ddbd69733b53c05957f1c8d188fe4140f00102f9011ce6d51b00000000920316566964616e742042657274696520486f73706974616c,Vidant Bertie Hospital,+1 252 794 6600,https://www.vidanthealth.com/bertie/
Bladen County,Elizabethtown,Bladen County Hospital,28337,-78.60790529003071,34.62247135,"Bladen County Hospital, 501 South Poplar Street, Elizabethtown, NC 28337, United States of America","['healthcare', 'healthcare.hospital']",512c6d8ea9e9a653c0599f4370f6af4f4140f00102f901b89ece1b00000000920316426c6164656e20436f756e747920486f73706974616c,Bladen County Hospital,+1 910 862 5100,http://www.capefearvalley.com/bladen/home.html
Bladen County,White Lake,Bladen Medical Associates,28337,-78.4918149,34.6531037,"Bladen Medical Associates, 273 White Lake Drive, White Lake, NC 28337, United States of America","['healthcare', 'healthcare.clinic_or_praxis', 'healthcare.hospital']",51dfcb33e5799f53c0598a67ebe698534140f00103f90179f2a18901000000920319426c6164656e204d65646963616c204173736f636961746573,Bladen Medical Associates,,
Brunswick County,Southport,Dosher Memorial Hospital,28461,-78.02137631942955,33.92933025,"Dosher Memorial Hospital, 924 North Howe Street, Southport, NC 28461, United States of America","['healthcare', 'healthcare.hospital']",519db64e045e8153c059ce921647f8f64040f00102f9015a79cd1b00000000920318446f73686572204d656d6f7269616c20486f73706974616c,Dosher Memorial Hospital,+1 910 457 3800,http://www.dosher.org/
Brunswick County,Bolivia,Brunswick Medical Center,28422,-78.26145816747322,34.031381800000005,"Brunswick Medical Center, 240 Hospital Drive, Bolivia, NC 28422, United States of America","['healthcare', 'healthcare.hospital']",5141c21831bb9053c059359aaf9e02044140f00102f9013197cd1b000000009203184272756e737769636b204d65646963616c2043656e746572,Brunswick Medical Center,+1 910 721 1000,https://www.novanthealth.org/brunswick-medical-center.aspx
Brunswick County,Bolivia,Brunswick Medical Center,28422,-78.2909066,34.0089581,"Brunswick Medical Center, 240 Medical Center Drive Southwest, Bolivia, NC 28422, United States of America",['healthcare.hospital'],51324cb7369e9253c0599669fc8925014140f00103f901f958a585020000009203184272756e737769636b204d65646963616c2043656e746572,Brunswick Medical Center,+1 910 755 8121,https://www.novanthealth.org/Brunswick-Medical-Center.aspx
Brunswick County,Leland,Carolina Dunes Behavioral Health,28451,-78.0637137,34.2607578,"Carolina Dunes Behavioral Health, 2050 Windsor Corporate Center Drive, Leland, NC 28451, United States of America","['healthcare.clinic_or_praxis.psychiatry', 'healthcare.hospital']",51a773a0e2138453c059f3c0f68260214140f00103f901720ba685020000009203204361726f6c696e612044756e6573204265686176696f72616c204865616c7468,Carolina Dunes Behavioral Health,+1 910 371 2500,https://sbcwilmington.com
Brunswick County,Shallotte,Novant Health,28470,-78.3968755,33.9621113,"Novant Health, Sellers Street, Shallotte, NC 28470, United States of America","['healthcare', 'healthcare.hospital']",5159457f68669953c059b9728b7626fb4040f00103f901fa33c25b0200000092030d4e6f76616e74204865616c7468,Novant Health,,
Buncombe County,Asheville,Mission Hospital,28801,-82.54922485627307,35.5766889,"Mission Hospital, 509 Biltmore Avenue, Asheville, NC 28801, United States of America","['healthcare', 'healthcare.hospital']",514fdd46c528a354c059dbea7ba3cac94140f00102f901a787b11b000000009203104d697373696f6e20486f73706974616c,Mission Hospital,+1 828 213 1111,https://missionhealth.org/member-hospitals/mission/
Buncombe County,Asheville,CarePartners Rehabilitation Hospital,28803,-82.5314618,35.5620193,"CarePartners Rehabilitation Hospital, 68 Sweeten Creek Road, Asheville, NC 28803, United States of America","['healthcare', 'healthcare.hospital', 'wheelchair', 'wheelchair.yes']",51b1845a7803a254c05986f4973ff0c74140f00103f901b9bf53150000000092032443617265506172746e657273205265686162696c69746174696f6e20486f73706974616c,CarePartners Rehabilitation Hospital,+1 828 274 6151,http://www.carepartners.org/services_rehab_reh.html
Buncombe County,Asheville,Charles George VA Medical Center,28805,-82.4841066809553,35.58988545,"Charles George VA Medical Center, 1100 Tunnel Road, Asheville, NC 28805, United States of America","['healthcare', 'healthcare.hospital']",51931238d0ff9e54c059ec31165c75cb4140f00102f90161e2321a00000000920320436861726c65732047656f726765205641204d65646963616c2043656e746572,Charles George VA Medical Center,+1 828 298 7911,https://www.asheville.va.gov/
Buncombe County,Asheville,"Southern Highlands Psychological Associates, Pa",28804,-82.5717016,35.6323339,"Southern Highlands Psychological Associates, Pa, 2 Alclare Drive, Asheville, NC 28804, United States of America","['healthcare', 'healthcare.hospital']",5189c44ec296a454c0591aaf3551f0d04140f00103f9015df6ca4d0200000092032f536f75746865726e20486967686c616e64732050737963686f6c6f676963616c204173736f6369617465732c205061,"Southern Highlands Psychological Associates, Pa",828-350-1433,https://southernhighlandspsychologicalassociates.com
Burke County,Morganton,Carolinas HealthCare System Blue Ridge - Morganton,28655,-81.65523264695278,35.726479049999995,"Carolinas HealthCare System Blue Ridge - Morganton, 2201 South Sterling Street, Morganton, NC 28655, United States of America","['healthcare', 'healthcare.hospital']",510ce8d23fea6954c05925e833a5f8dc4140f00102f901f2b0cf22000000009203324361726f6c696e6173204865616c7468436172652053797374656d20426c7565205269646765202d204d6f7267616e746f6e,Carolinas HealthCare System Blue Ridge - Morganton,+1 828 580 5000,http://www.blueridgehealth.org/morganton.html
Burke County,Morganton,Broughton Hospital,28655,-81.67426073122003,35.730805700000005,"Broughton Hospital, 1000 South Sterling Street, Morganton, NC 28655, United States of America","['healthcare', 'healthcare.clinic_or_praxis.psychiatry', 'healthcare.hospital']",5105fbb2b0336b54c059701c547f94dd4140f00101f901e3e1aa000000000092031242726f756768746f6e20486f73706974616c,Broughton Hospital,+1 828 433 2111,https://www.ncdhhs.gov/divisions/dsohf/broughton-hospital
Burke County,Valdese,Carolinas HealthCare System Blue Ridge - Valdese,28690,-81.52287224704392,35.7479011,"Carolinas HealthCare System Blue Ridge - Valdese, 720 Malcolm Boulevard, Valdese, NC 28690, United States of America","['healthcare', 'healthcare.hospital']",51a42711727c6154c059cc7ba135b4df4140f00102f9010ac8b41b000000009203304361726f6c696e6173204865616c7468436172652053797374656d20426c7565205269646765202d2056616c64657365,Carolinas HealthCare System Blue Ridge - Valdese,+1 828 580 7640,http://www.blueridgehealth.org/valdese-hospital.html
Cabarrus County,Concord,Carolinas HealthCare System NorthEast,28025,-80.60209037901089,35.43761825,"Carolinas HealthCare System NorthEast, 920 Church Street North, Concord, NC 28025, United States of America","['healthcare', 'healthcare.hospital']",51ee4ee3f9812654c05955030362fbb74140f00102f901d8f0bf1b000000009203254361726f6c696e6173204865616c7468436172652053797374656d204e6f72746845617374,Carolinas HealthCare System NorthEast,+1 704 403 3000,http://www.carolinashealthcare.org/locations/carolinas-healthcare-system-northeast
Cabarrus County,Harrisburg,Atrium Health Harrisburg Emergency Department,28215,-80.66678939557545,35.28503375,"Atrium Health Harrisburg Emergency Department, 9592 Rocky River Road, Harrisburg, NC 28215, United States of America","['healthcare', 'healthcare.hospital']",513a0a2730ac2a54c0596da705ee85a44140f00102f901b5a2f6190000000092032d41747269756d204865616c7468204861727269736275726720456d657267656e6379204465706172746d656e74,Atrium Health Harrisburg Emergency Department,+1 704 403 9400,https://atriumhealth.org/locations/detail/atrium-health-harrisburg-emergency-department
Caldwell County,Lenoir,Caldwell Memorial Hospital,28645,-81.53513749426196,35.91059635,"Caldwell Memorial Hospital, 321 Mulberry Street Southwest, Lenoir, NC 28645, United States of America","['healthcare', 'healthcare.hospital']",51066a60083f6254c059018d599e8af44140f00102f90147eab41b0000000092031a43616c6477656c6c204d656d6f7269616c20486f73706974616c,Caldwell Memorial Hospital,+1 828 757 5100,http://caldwellmemorial.org/
Caldwell County,Lenoir,No Name Given - Possible branch of main Hospital,28645,-81.5282026547097,35.93848095,"Zacks Fork Road, Lenoir, NC 28645, United States of America","['healthcare', 'healthcare.hospital']",5111a0a858cf6154c0594d1893bb28f84140f00102f901529fb23400000000,,,
Caldwell County,Lenoir,No Name Given - Possible branch of main Hospital,28645,-81.52663126940408,35.920213649999994,"Woodsway Street Northwest, Lenoir, NC 28645, United States of America","['healthcare', 'healthcare.hospital']",51a00b76a4b46154c05970106bd5c6f54140f00102f901fe58b33400000000,,,
Caldwell County,Lenoir,No Name Given - Possible branch of main Hospital,28645,-81.56414983313034,35.90139415,"Harper Avenue Northwest, Lenoir, NC 28645, United States of America","['healthcare', 'healthcare.hospital']",5138eeb9631a6454c0594ac575de5ff34140f00102f9014b4ccb3400000000,,,
Carteret County,Morehead City,Carteret Health Care Medical Center,28557,-76.75520666271657,34.725896399999996,"Carteret Health Care Medical Center, 3500 Arendell Street, Morehead City, NC 28557, United States of America","['healthcare', 'healthcare.hospital']",51c43c1718543053c0593ab976faeb5c4140f00102f901f0639e11000000009203234361727465726574204865616c74682043617265204d65646963616c2043656e746572,Carteret Health Care Medical Center,+1 252 499 6000,https://www.carterethealth.org/
Carteret County,Morehead City,Harborview Rehabilitation & Health Care Center,28557,-76.7134832121861,34.7200082,"Harborview Rehabilitation & Health Care Center, 812 Shepard Street, Morehead City, NC 28557, United States of America","['building', 'building.commercial', 'building.healthcare', 'healthcare', 'healthcare.hospital']",51f7dd47eaaa2d53c05903ea288c285c4140f00102f9014ff06d2e0000000092032e486172626f7276696577205265686162696c69746174696f6e2026204865616c746820436172652043656e746572,Harborview Rehabilitation & Health Care Center,+1-252-726-6855,http://harborviewrehab.com/
Catawba County,Hickory,Frye Regional Medical Center,28601,-81.33809331388723,35.7373084,"Frye Regional Medical Center, 420 North Center Street, Hickory, NC 28601, United States of America","['healthcare', 'healthcare.hospital']",515b5e984fa35554c059a2a4695660de4140f00102f9014b3edf140000000092031c4672796520526567696f6e616c204d65646963616c2043656e746572,Frye Regional Medical Center,828-315-5000,https://www.fryemedctr.com/
Catawba County,Hickory,Catawba Valley Medical Center,28602,-81.26713921215284,35.7144209,"Catawba Valley Medical Center, 810 11th Avenue Drive Southeast, Hickory, NC 28602, United States of America","['healthcare', 'healthcare.hospital']",5153cc10cf195154c0595ad242cd73db4140f00102f9011740e0140000000092031d436174617762612056616c6c6579204d65646963616c2043656e746572,Catawba Valley Medical Center,828-326-3000,https://catawbavalleymedical.org/
Catawba County,Hickory,Frye Surgery Center - Tate Campus,28602,-81.3093144,35.7318289,"Frye Surgery Center - Tate Campus, 250 18th Street Southeast, Hickory, NC 28602, United States of America","['healthcare', 'healthcare.hospital']",51a40ba0cecb5354c059cd42c391acdd4140f00103f901bfbaea77020000009203214672796520537572676572792043656e746572202d20546174652043616d707573,Frye Surgery Center - Tate Campus,,
Chatham County,Siler City,Chatham Hospital,27344,-79.42112556367417,35.72282835,"Chatham Hospital, 457 Progress Boulevard, Siler City, NC 27344, United States of America","['healthcare', 'healthcare.hospital']",51d4dd554df0da53c0598545a38e91dc4140f00102f901acd04a23000000009203104368617468616d20486f73706974616c,Chatham Hospital,+1 919 799 4000,https://www.chathamhospital.org/ch/
Chatham County,Chapel Hill,UNC Pediatrics & Internal Medicine,27516,-79.0906818,35.8365546,"UNC Pediatrics & Internal Medicine, 118 Polk Village Lane, Chapel Hill, NC 27516, United States of America","['healthcare', 'healthcare.hospital', 'wheelchair', 'wheelchair.yes']",51e95509bbcdc553c059a38e9b3814eb4140f00103f901ca5dd65801000000920322554e432050656469617472696373202620496e7465726e616c204d65646963696e65,UNC Pediatrics & Internal Medicine,+1 984 215 5900,
Cherokee County,Murphy,Murphy Medical Center,28906,-83.96709010854318,35.072821250000004,"Murphy Medical Center, 3990 Dave McClure Lane, Murphy, NC 28906, United States of America","['healthcare', 'healthcare.hospital']",51d66aeacae5fd54c059194f7c274f894140f00102f901b7690813000000009203154d7572706879204d65646963616c2043656e746572,Murphy Medical Center,+1 828 837 8161,http://www.murphymedical.org/
Cherokee County,Murphy,Erlanger Western Carolina Hospital,28906,-83.9661042,35.0725926,"Erlanger Western Carolina Hospital, 3990 Dave McClure Lane, Murphy, NC 28906, United States of America","['healthcare', 'healthcare.hospital']",51cee1b5a6d4fd54c0597dbadcb64a894140f00103f9014e4376ad0100000092032245726c616e676572205765737465726e204361726f6c696e6120486f73706974616c,Erlanger Western Carolina Hospital,(828) 837-8161,https://www.erlanger.org/erlanger-western-carolina-hospital/about
Chowan County,Edenton,Vidant Chowan Hospital,27932,-76.6108979146475,36.069846150000004,"Vidant Chowan Hospital, 211 Virginia Road, Edenton, NC 27932, United States of America","['healthcare', 'healthcare.hospital']",514a62fb67132753c0591424ba1aee084240f00102f90179f1d51b00000000920316566964616e742043686f77616e20486f73706974616c,Vidant Chowan Hospital,+1 252 482 8451,https://www.vidanthealth.com/chowan/
Cleveland County,Kings Mountain,Kings Mountain Hospital,28086,-81.35685883447437,35.241727299999994,"Kings Mountain Hospital, 706 West King Street, Kings Mountain, NC 28086, United States of America","['healthcare', 'healthcare.hospital']",518e7bcb5ed25654c0594347583cf69e4140f00102f901afb6241a000000009203174b696e6773204d6f756e7461696e20486f73706974616c,Kings Mountain Hospital,+1 980 487 5000,http://www.carolinashealthcare.org/locations/carolinas-healthcare-system-kings-mountain
Cleveland County,Shelby,Atrium Health Cleveland,28150,-81.53656502540795,35.30283665,"Atrium Health Cleveland, 201 East Grover Street, Shelby, NC 28150, United States of America","['healthcare', 'healthcare.hospital', 'internet_access', 'internet_access.free']",51256f49e2576254c05997b01bb3c3a64140f00102f901cec84a2e0000000092031741747269756d204865616c746820436c6576656c616e64,Atrium Health Cleveland,+1 (980) 487-3000,https://atriumhealth.org/locations/atrium-health-cleveland
Cleveland County,Shelby,Surgery Pavilion,28150,-81.5367788,35.3037848,"Surgery Pavilion, 201 East Grover Street, Shelby, NC 28150, United States of America","['healthcare', 'healthcare.hospital']",51e9cb77955a6254c05970cf996be2a64140f00103f90152cd18ba010000009203105375726765727920506176696c696f6e,Surgery Pavilion,,
Columbus County,Whiteville,Columbus Regional Healthcare System,28472,-78.69448854681553,34.33749125,"Columbus Regional Healthcare System, 500 Jefferson Street, Whiteville, NC 28472, United States of America","['healthcare', 'healthcare.hospital']",5153317b2074ac53c059db8a2c4f302b4140f00102f90146bfcd1b00000000920323436f6c756d62757320526567696f6e616c204865616c7468636172652053797374656d,Columbus Regional Healthcare System,+1 910 642 8011,http://www.crhealthcare.org/
Craven County,New Bern,CarolinaEast Medical Center,28560,-77.06673167359875,35.11382065,"CarolinaEast Medical Center, Kennedy Avenue, New Bern, NC 28560, United States of America","['healthcare', 'healthcare.hospital']",51ad8aec0d3f4453c059f063e2609d8e4140f00102f901c6cd813a0000000092031b4361726f6c696e6145617374204d65646963616c2043656e746572,CarolinaEast Medical Center,,https://www.carolinaeasthealth.com/
Cumberland County,Fayetteville,Cape Fear Valley Medical Center,28304,-78.93356032952505,35.03135185,"Cape Fear Valley Medical Center, 1638 Owen Drive, Fayetteville, NC 28304, United States of America","['healthcare', 'healthcare.hospital']",51a1f4ae07c6bb53c059c141c0d107844140f00102f9019b47f4010000000092031f4361706520466561722056616c6c6579204d65646963616c2043656e746572,Cape Fear Valley Medical Center,+1 910 615 4000,http://www.capefearvalley.com/hospitals/cfvmc.html
Cumberland County,Fayetteville,Fayetteville VA Medical Center,28304,-79.02988480365863,35.031306900000004,"Fayetteville VA Medical Center, 7300 South Raeford Road, Fayetteville, NC 28304, United States of America","['healthcare', 'healthcare.hospital']",51bd1b33e0dbc153c059591b5af01c844140f00102f901e4a66d200000000092031e4661796574746576696c6c65205641204d65646963616c2043656e746572,Fayetteville VA Medical Center,+1 910 488 2120,https://www.fayettevillenc.va.gov/locations/Fayetteville_Health_Care_Center.asp
Cumberland County,Normandy/Bastogne Gables,Womack Army Medical Center,28310,-79.0024331,35.1459947,"Womack Army Medical Center, 2817 Reilly Road, Normandy/Bastogne Gables, NC 28310, United States of America",['healthcare.hospital'],51633b29dd27c053c059f4374ef4af924140f00103f9015c29a6850200000092031a576f6d61636b2041726d79204d65646963616c2043656e746572,Womack Army Medical Center,+1 910 907 9262,https://womack.tricare.mil
Cumberland County,Fayetteville,VA Medical Center,28301,-78.87648630483433,35.08797265,"VA Medical Center, 2300 Ramsey Street, Fayetteville, NC 28301, United States of America","['healthcare', 'healthcare.hospital']",51ce04baf31bb853c05908bfbbe73d8b4140f00102f901bf47f401000000009203115641204d65646963616c2043656e746572,VA Medical Center,+1 910 488 2120,https://www.fayettevillenc.va.gov/
Cumberland County,Fayetteville,Highsmith-Rainey Specialty Hospital,28304,-78.88850185424386,35.05439955,"Highsmith-Rainey Specialty Hospital, 150 Robeson Street, Fayetteville, NC 28304, United States of America","['healthcare', 'healthcare.hospital']",51df8111e7dab853c059f5bd7c4cf4864140f00102f9012adfca1b0000000092032348696768736d6974682d5261696e6579205370656369616c747920486f73706974616c,Highsmith-Rainey Specialty Hospital,+1 910 615 1000,http://www.capefearvalley.com/hospitals/hrsh.html
Dare County,Nags Head,The Outer Banks Hospital,27959,-75.61819547413972,35.93964995,"The Outer Banks Hospital, 4800 South Croatan Highway, Nags Head, NC 27959, United States of America","['healthcare', 'healthcare.hospital']",51a7a57b398fe752c0592bb52b854bf84140f00102f9011d4d3a1e00000000920318546865204f757465722042616e6b7320486f73706974616c,The Outer Banks Hospital,+1 877 876 4321,https://www.theouterbankshospital.com/
Davidson County,Thomasville,Thomasville Medical Center,27360,-80.11108959018533,35.87976465,"Thomasville Medical Center, 207 Old Lexington Road, Thomasville, NC 27360, United States of America","['healthcare', 'healthcare.hospital']",51dec0dd9f1e0754c059dc05473797f04140f00102f901fc29c91b0000000092031a54686f6d617376696c6c65204d65646963616c2043656e746572,Thomasville Medical Center,+1 336 472 2000,https://www.novanthealth.org/thomasville-medical-center.aspx
Davidson County,Lexington,Lexington Medical Center,27292,-80.28693632324206,35.80575965,"Lexington Medical Center, 250 Hospital Drive, Lexington, NC 27292, United States of America","['healthcare', 'healthcare.hospital']",51295bb0445f1254c0590225c1722ae74140f00102f901690ac91b000000009203184c6578696e67746f6e204d65646963616c2043656e746572,Lexington Medical Center,+1 336 248 5161,http://lexington.wakehealth.edu/
Davidson County,Winston-Salem,Novant Health: Wallburg Family Medicine,27107,-80.1634095,36.0259868,"Novant Health: Wallburg Family Medicine, 10479 Thomasville Road, Winston-Salem, NC 27107, United States of America","['healthcare', 'healthcare.hospital']",51c3961e4d750a54c0596280138953034240f00103f901b2ee5afb010000009203274e6f76616e74204865616c74683a2057616c6c627572672046616d696c79204d65646963696e65,Novant Health: Wallburg Family Medicine,,
Davie County,Valley Oaks,Atrium Health Wake Forest Baptist - Davie Medical Center,27006,-80.44760924289538,36.00937885,"Atrium Health Wake Forest Baptist - Davie Medical Center, Yadkin Valley Road, Valley Oaks, NC 27006, United States of America","['healthcare', 'healthcare.hospital']",51c02a9501ab1c54c0593b3435ae2c014240f00102f9015553213b0000000092033841747269756d204865616c74682057616b6520466f726573742042617074697374202d204461766965204d65646963616c2043656e746572,Atrium Health Wake Forest Baptist - Davie Medical Center,,
Duplin County,Kenansville,Vidant Duplin Hospital,28349,-77.96186572649601,34.9648246,"Vidant Duplin Hospital, 401 North Main Street, Kenansville, NC 28349, United States of America","['healthcare', 'healthcare.hospital']",516140dcbc907d53c059b0640398847b4140f00102f9019221d11b00000000920316566964616e74204475706c696e20486f73706974616c,Vidant Duplin Hospital,+1 910 296 0941,https://www.vidanthealth.com/Duplin/
Durham County,Durham,Duke University Hospital,27710,-78.93734788335824,36.007021300000005,"Duke University Hospital, 2301 Erwin Road, Durham, NC 27710, United States of America","['building', 'building.healthcare', 'healthcare', 'healthcare.hospital']",51dc8f4e7900bc53c059f6be126ce7004240f00102f9013e583b120000000092031844756b6520556e697665727369747920486f73706974616c,Duke University Hospital,+1 919 684 8111,https://www.dukehealth.org/hospitals/duke-university-hospital/home
Durham County,Durham,Duke Regional Hospital,27704,-78.8996543662317,36.03643695,"Duke Regional Hospital, 3643 West Rockway Street, Durham, NC 27704, United States of America","['healthcare', 'healthcare.hospital']",51acd953cc94b953c059104450a6b5044240f00102f901f635d71b0000000092031644756b6520526567696f6e616c20486f73706974616c,Duke Regional Hospital,+1 919 470 4000,https://www.dukehealth.org/hospitals/duke-regional-hospital/home
Durham County,Durham,Lenox Baker Children's Hospital,27705,-78.94981713981241,36.0052071,"Lenox Baker Children's Hospital, 3000 Erwin Road, Durham, NC 27705, United States of America","['healthcare', 'healthcare.clinic_or_praxis.paediatrics', 'healthcare.hospital']",51152f7bffc8bc53c059d64c38b2ab004240f00102f9017f3bd71b0000000092031f4c656e6f782042616b6572204368696c6472656e277320486f73706974616c,Lenox Baker Children's Hospital,+1 919 684 6669,https://www.dukehealth.org/locations/lenox-baker-childrens-hospital
Durham County,Durham,North Carolina Specialty Hospital,27704,-78.8968568108163,36.043054850000004,"North Carolina Specialty Hospital, 3916 Ben Franklin Boulevard, Durham, NC 27704, United States of America","['healthcare', 'healthcare.hospital']",512a5c2cb266b953c0591711afa284054240f00102f901164a4623000000009203214e6f727468204361726f6c696e61205370656369616c747920486f73706974616c,North Carolina Specialty Hospital,+1 919 956 9300,https://www.ncspecialty.com/
Durham County,Durham,Duke Medicine Pavillion,27710,-78.9372607691694,36.005989549999995,"Duke Medicine Pavillion, 10 Duke Medicine Circle, Durham, NC 27710, United States of America","['building', 'building.healthcare', 'healthcare.hospital']",51a77c67d7f6bb53c0597d9f869bc5004240f00101f90171403e000000000092031744756b65204d65646963696e6520506176696c6c696f6e,Duke Medicine Pavillion,+1 888 275 3853,https://www.dukehealth.org/locations/duke-medicine-pavilion
Durham County,Durham,Veritas Collaborative Eating Disorder Treatment Center,27705,-78.9423254,36.0099404,"Veritas Collaborative Eating Disorder Treatment Center, 615 Douglas Street, Durham, NC 27705, United States of America","['healthcare.clinic_or_praxis.psychiatry', 'healthcare.hospital']",512bcc310f4fbc53c05986e31dba45014240f00103f9018e58a585020000009203365665726974617320436f6c6c61626f72617469766520456174696e67204469736f726465722054726561746d656e742043656e746572,Veritas Collaborative Eating Disorder Treatment Center,+1 919 908 9730,https://veritascollaborative.com/locations/north-carolina/durham-nc-adult-eating-disorder-treatment-center
Durham County,Durham,"Veritas Collaborative, Llc",27703,-78.8409187,35.9182248,"Veritas Collaborative, Llc, 4024 Stirrup Creek Drive, Durham, NC 27703, United States of America","['healthcare.clinic_or_praxis.psychiatry', 'healthcare.hospital']",5112c6aa9cd1b553c059569ae66388f54140f00103f901e0f4a5850200000092031a5665726974617320436f6c6c61626f7261746976652c204c6c63,"Veritas Collaborative, Llc",+1 919 908 9730,
Durham County,Morrisville,Triangle Springs,27560,-78.8157883,35.9027533,"Triangle Springs, 10901 World Trade Boulevard, Morrisville, NC 27560, United States of America","['healthcare.clinic_or_praxis.psychiatry', 'healthcare.hospital']",51673d21e035b453c059f2568d6b8df34140f00103f9018639a68502000000920310547269616e676c6520537072696e6773,Triangle Springs,+1 919 746 8900,
Durham County,Durham,Duke Health Center at Southpoint,27713,-78.93526120075234,35.906822149999996,"Duke Health Center at Southpoint, 6301 Herndon Road, Durham, NC 27713, United States of America","['building', 'building.healthcare', 'healthcare', 'healthcare.hospital']",510fbdc60ddbbb53c059af14775a13f44140f00102f9010d5542090000000092032044756b65204865616c74682043656e74657220617420536f757468706f696e74,Duke Health Center at Southpoint,,
Edgecombe County,Tarboro,ECU Health Edgecombe Hospital,27886,-77.55575296871392,35.92106505,"ECU Health Edgecombe Hospital, 111 Hospital Drive, Tarboro, NC 27886, United States of America","['building', 'building.healthcare', 'healthcare', 'healthcare.hospital', 'wheelchair', 'wheelchair.yes']",51660cae0b916353c0595cd0dbdae5f54140f00102f9019c01363c0000000092031d454355204865616c74682045646765636f6d626520486f73706974616c,ECU Health Edgecombe Hospital,+1 252 641 7700,https://www.vidanthealth.com/edgecombe/dynamic-detail.aspx?id=430
Edgecombe County,Tarboro,ECU Health Edgecombe Hospital,27886,-77.5557565884775,35.9212473,"ECU Health Edgecombe Hospital, Hospital Drive, Tarboro, NC 27886, United States of America","['healthcare', 'healthcare.hospital']",51ae54fc53916353c059bd25a57aedf54140f00102f9015845d61b0000000092031d454355204865616c74682045646765636f6d626520486f73706974616c,ECU Health Edgecombe Hospital,,
Forsyth County,Winston-Salem,Forsyth Medical Center,27103,-80.29643820485825,36.075337000000005,"Forsyth Medical Center, 3333 Bethesda Court, Winston-Salem, NC 27103, United States of America","['healthcare', 'healthcare.hospital']",51a7a15e3dfe1254c059d1596c11b1094240f00102f90195b1c81b00000000920316466f7273797468204d65646963616c2043656e746572,Forsyth Medical Center,+1 336 718 5000,https://www.novanthealth.org/forsyth-medical-center.aspx
Forsyth County,Winston-Salem,Wake Forest Baptist Medical Center,27157,-80.26771223216093,36.08983775,"Wake Forest Baptist Medical Center, 1 Medical Center Boulevard, Winston-Salem, NC 27157, United States of America","['healthcare', 'healthcare.hospital']",517220578c221154c05969ea41c97d0b4240f00102f901eadcc81b0000000092032257616b6520466f726573742042617074697374204d65646963616c2043656e746572,Wake Forest Baptist Medical Center,+1 336 716 2011,https://www.wakehealth.edu/
Forsyth County,Winston-Salem,Novant Health Medical Park Hospital,27103,-80.29607896243982,36.078975549999996,"Novant Health Medical Park Hospital, 1950 South Hawthorne Road, Winston-Salem, NC 27103, United States of America","['healthcare', 'healthcare.hospital']",5165a61658f11254c059af15b7f51a0a4240f00102f9012d494823000000009203234e6f76616e74204865616c7468204d65646963616c205061726b20486f73706974616c,Novant Health Medical Park Hospital,+1 336 718 0785,https://www.novanthealth.org/medical-park-hospital.aspx
Forsyth County,Clemmons,Novant Health Clemmons Medical Center,27012,-80.39807805797906,36.02832175,"Novant Health Clemmons Medical Center, 6915 Village Medical Circle, Clemmons, NC 27012, United States of America","['healthcare', 'healthcare.hospital', 'wheelchair', 'wheelchair.yes']",51c75a1ac7811954c05922bef6ada3034240f00102f901becbdc16000000009203254e6f76616e74204865616c746820436c656d6d6f6e73204d65646963616c2043656e746572,Novant Health Clemmons Medical Center,+1 336 893 1000,https://www.novanthealth.org/clemmons-medical-center.aspx
Forsyth County,Clemmons,Atrium Health Wake Forest Baptist Medical Plaza - Clemmons,27012,-80.38580358394003,36.04125435,"Atrium Health Wake Forest Baptist Medical Plaza - Clemmons, Synergy Way, Clemmons, NC 27012, United States of America","['healthcare', 'healthcare.hospital']",51643e8fa1ad1854c059614e17f03f054240f00102f9016c9afd350000000092033a41747269756d204865616c74682057616b6520466f726573742042617074697374204d65646963616c20506c617a61202d20436c656d6d6f6e73,Atrium Health Wake Forest Baptist Medical Plaza - Clemmons,+1 336 716 9253,https://www.wakehealth.edu/clemmons/
Forsyth County,Winston-Salem,Old Vineyard Behavioral Health Services,27104,-80.3185501,36.0783236,"Old Vineyard Behavioral Health Services, 3637 Old Vineyard Road, Winston-Salem, NC 27104, United States of America","['healthcare', 'healthcare.clinic_or_praxis.psychiatry', 'healthcare.hospital']",51cc68f51f631454c05993b3f981060a4240f00103f90192437951000000009203274f6c642056696e6579617264204265686176696f72616c204865616c7468205365727669636573,Old Vineyard Behavioral Health Services,,https://oldvineyardbhs.com/
Forsyth County,Winston-Salem,Novant Health Rehabilitation Hospital,27103,-80.3269699,36.0511396,"Novant Health Rehabilitation Hospital, 2475 Hillcrest Center Circle, Winston-Salem, NC 27103, United States of America","['healthcare', 'healthcare.hospital']",51b0d12813ed1454c05954350ebe8b064240f00103f9015e39a685020000009203254e6f76616e74204865616c7468205265686162696c69746174696f6e20486f73706974616c,Novant Health Rehabilitation Hospital,+1 336 754 3500,https://www.encompasshealth.com/locations/novanthealthrehab
Forsyth County,Winston-Salem,Old Vineyard Behavioral Health,27104,-80.31865508178392,36.0781516,"Old Vineyard Behavioral Health, Old Vineyard Road, Winston-Salem, NC 27104, United States of America","['healthcare', 'healthcare.hospital']",51a1a47f20641454c05996e94f23050a4240f00102f901666d4d290000000092031e4f6c642056696e6579617264204265686176696f72616c204865616c7468,Old Vineyard Behavioral Health,,
Forsyth County,Clemmons,Atrium Health Wake Forest Baptist Outpatient Surgery,27012,-80.38471218238702,36.042259,"Atrium Health Wake Forest Baptist Outpatient Surgery, 6411 Kinnamon Court, Clemmons, NC 27012, United States of America","['building', 'building.healthcare', 'healthcare', 'healthcare.hospital']",51721204249f1854c059eaf67f2f6a054240f00102f9016b9afd350000000092033441747269756d204865616c74682057616b6520466f726573742042617074697374204f757470617469656e742053757267657279,Atrium Health Wake Forest Baptist Outpatient Surgery,,
Forsyth County,,Novant Health Kernersville Medical Center,27235,-80.04514878100693,36.09114205,"Novant Health Kernersville Medical Center, I 40, Forsyth County, NC 27235, United States of America","['healthcare', 'healthcare.hospital']",515e3442d0e00254c059cff2462da80b4240f00102f901e02e8c36000000009203294e6f76616e74204865616c7468204b65726e65727376696c6c65204d65646963616c2043656e746572,Novant Health Kernersville Medical Center,,
Gaston County,Gastonia,CaroMont Regional Medical Center,28054,-81.13954344086048,35.27215775,"CaroMont Regional Medical Center, 2525 Court Drive, Gastonia, NC 28054, United States of America","['healthcare', 'healthcare.hospital']",51a7d069aff14854c059453e9108cda24140f00102f901ecb1bf1b000000009203204361726f4d6f6e7420526567696f6e616c204d65646963616c2043656e746572,CaroMont Regional Medical Center,+1 704 834 2000,https://www.caromonthealth.org/
Gaston County,Mount Holly,CaroMont Regional Medical Center,28120,-81.01043556006559,35.2978896,"CaroMont Regional Medical Center, Wilson Street, Mount Holly, NC 28120, United States of America","['healthcare', 'healthcare.hospital']",51b118f9dfab4054c0590fa71d8523a64140f00102f9010e6b0824000000009203204361726f4d6f6e7420526567696f6e616c204d65646963616c2043656e746572,CaroMont Regional Medical Center,,
Gaston County,Mount Holly,No Name Given - Possible branch of main Hospital,28012,-81.03019985607486,35.264276550000005,"Beatty Drive, Mount Holly, NC 28012, United States of America","['healthcare', 'healthcare.hospital']",51d60c95c0e74154c059c5dc4981caa14140f00102f9018694233f00000000,,,
Graham County,Tulula,Tallulah Health Center,28771,-83.79965157101651,35.31572515,"Tallulah Health Center, Tallulah Road, Tulula, NC 28771, United States of America","['building', 'building.healthcare', 'healthcare.hospital']",510ff3115c2bf354c059008caa5969a84140f00101f901cc5f6c000000000092031654616c6c756c6168204865616c74682043656e746572,Tallulah Health Center,,
Granville County,Oxford,Granville Medical Center,27565,-78.5921504267308,36.3270928,"Granville Medical Center, 1010 College Street, Oxford, NC 27565, United States of America","['healthcare', 'healthcare.hospital']",51459c5945e9a553c059abec6454d0294240f00102f9010e78d61b000000009203184772616e76696c6c65204d65646963616c2043656e746572,Granville Medical Center,+1 919 690 3000,https://ghshospital.org/
Granville County,Butner,Murdoch Developmental Center,27509,-78.73791289978243,36.150226950000004,"Murdoch Developmental Center, 1600 East C Street, Butner, NC 27509, United States of America",['healthcare.hospital'],51b5446cf541af53c059f5ff540438134240f00102f9011b6409190000000092031c4d7572646f636820446576656c6f706d656e74616c2043656e746572,Murdoch Developmental Center,+1 919 575 1000,https://www.ncdhhs.gov/divisions/dsohf/murdoch-developmental-center-0
Granville County,Butner,Central Regional Hospital,27509,-78.77180955830025,36.1453551,"Central Regional Hospital, 300 Veazey Road, Butner, NC 27509, United States of America","['healthcare', 'healthcare.clinic_or_praxis.psychiatry', 'healthcare.hospital']",51e9036ac263b153c05908dc235c9b124240f00102f901d602d71b0000000092031943656e7472616c20526567696f6e616c20486f73706974616c,Central Regional Hospital,+1 919 764 2000,https://www.ncdhhs.gov/divisions/dsohf/central-regional-hospital-0
Guilford County,Greensboro,Wesley Long Hospital,27403,-79.82645168495704,36.08305575,"Wesley Long Hospital, 501 North Elam Avenue, Greensboro, NC 27403, United States of America","['healthcare', 'healthcare.hospital']",51c73a4a41dff453c0594889e696a80a4240f00102f9013f5cc91b000000009203145765736c6579204c6f6e6720486f73706974616c,Wesley Long Hospital,+1 336 832 7000,https://www.conehealth.com/locations/wesley-long-hospital/
Guilford County,Greensboro,The Moses H. Cone Memorial Hospital,27401,-79.78629260736251,36.0914674,"The Moses H. Cone Memorial Hospital, 1200 North Elm Street, Greensboro, NC 27401, United States of America","['healthcare', 'healthcare.hospital']",51166b54fb4df253c05937654a3fc30b4240f00102f901a767c91b00000000920323546865204d6f73657320482e20436f6e65204d656d6f7269616c20486f73706974616c,The Moses H. Cone Memorial Hospital,+1 336 832 7000,https://www.conehealth.com/locations/moses-cone-hospital/
Guilford County,High Point,High Point Regional Hospital,27262,-80.0136497216516,35.9618482,"High Point Regional Hospital, 601 North Elm Street, High Point, NC 27262, United States of America","['healthcare', 'healthcare.hospital']",518dbf8e9ee10054c059d652333a25fb4140f00102f901a44cc91b0000000092031c4869676820506f696e7420526567696f6e616c20486f73706974616c,High Point Regional Hospital,+1 336 878 6000,https://www.highpointregional.com/
Guilford County,Greensboro,Kindred Hospital - Greensboro,27406,-79.770365,36.0492638,"Kindred Hospital - Greensboro, 2401 Bothwell Street, Greensboro, NC 27406, United States of America",['healthcare.hospital'],51ea3e00a94df153c0598961b4464e064240f00103f9011236a6850200000092031d4b696e6472656420486f73706974616c202d20477265656e73626f726f,Kindred Hospital - Greensboro,+1 336 271 2800,https://www.khgreensboro.com
Guilford County,Greensboro,Fellowship Hall,27415,-79.7283801,36.1480943,"Fellowship Hall, 5140 Dunstan Road, Greensboro, NC 27415, United States of America","['healthcare.clinic_or_praxis.psychiatry', 'healthcare.hospital']",51a92391c79dee53c0598b1307c1f4124240f00103f90117e3a5850200000092030f46656c6c6f77736869702048616c6c,Fellowship Hall,+1 336 621 3381,
Halifax County,Scotland Neck,Our Community Hospital,27874,-77.42944048383168,36.129321450000006,"Our Community Hospital, 921 Jr High School Road, Scotland Neck, NC 27874, United States of America",['healthcare.hospital'],51a516b6777b5b53c059271a26c586104240f00102f9010231d61b000000009203164f757220436f6d6d756e69747920486f73706974616c,Our Community Hospital,+1 252 826 4144,http://www.och-bltc.org/
Halifax County,Roanoke Rapids,Halifax Regional Medical Center,27870,-77.64626591830444,36.4324228,"Halifax Regional Medical Center, 250 Smith Church Road, Roanoke Rapids, NC 27870, United States of America","['healthcare', 'healthcare.hospital']",51c2ec71fe5b6953c059fd71f9c655374240f00102f901d41b8e200000000092031f48616c6966617820526567696f6e616c204d65646963616c2043656e746572,Halifax Regional Medical Center,+1 252 535 8011,https://halifaxregional.org/
Harnett County,Lillington,Central Harnett Hospital,27546,-78.80834750594447,35.42549305,"Central Harnett Hospital, 215 Brightwater Drive, Lillington, NC 27546, United States of America","['healthcare', 'healthcare.hospital']",5159a77edabeb353c059a6b43d8b72b64140f00102f901cd0f4b230000000092031843656e7472616c204861726e65747420486f73706974616c,Central Harnett Hospital,+1 910 892 1000,https://myharnetthealth.org/centralharnetthospital/
Harnett County,Dunn,Betsy Johnson Hospital,28334,-78.63507086598443,35.3073048,"Betsy Johnson Hospital, 800 Tilghman Drive, Dunn, NC 28334, United States of America","['healthcare', 'healthcare.hospital']",516a7aa4d7a3a853c059b6e1894549a74140f00102f901496e513a000000009203164265747379204a6f686e736f6e20486f73706974616c,Betsy Johnson Hospital,,https://myharnetthealth.org/about-hhs/betsy-johnson-hospital/
Harnett County,Erwin,"Good Hope Hospital, Inc",28339,-78.6698029,35.3273633,"Good Hope Hospital, Inc, 410 Denim Drive, Erwin, NC 28339, United States of America","['healthcare.clinic_or_praxis.psychiatry', 'healthcare.hospital']",510591fb0cdeaa53c0593402650ae7a94140f00103f9018439a68502000000920317476f6f6420486f706520486f73706974616c2c20496e63,"Good Hope Hospital, Inc",+1 910 230 4011,
Haywood County,Clyde,Haywood Regional Medical Center,28721,-82.9427378,35.5252312,"Haywood Regional Medical Center, 262 Leroy George Drive, Clyde, NC 28721, United States of America",['healthcare.hospital'],51feececd055bc54c059e7c1a4c63ac34140f00103f90110a05a4b0000000092031f486179776f6f6420526567696f6e616c204d65646963616c2043656e746572,Haywood Regional Medical Center,+1 828 456 7311,https://www.myhaywoodregional.com/
Henderson County,Hendersonville,Pardee Hospital,28791,-82.4677800390393,35.32049135,"Pardee Hospital, 800 North Justice Street, Hendersonville, NC 28791, United States of America","['healthcare', 'healthcare.hospital']",51f7647ad0f79d54c059bd2a213ef8a84140f00102f901f0ddb01b0000000092030f50617264656520486f73706974616c,Pardee Hospital,+1 828 696 1000,https://www.pardeehospital.org/
Henderson County,Hendersonville,Park Ridge Health,28792,-82.48792326964004,35.3897946,"Park Ridge Health, 100 Hospital Drive, Hendersonville, NC 28792, United States of America","['healthcare', 'healthcare.hospital']",5153cd09943a9f54c059e374cc54e3b14140f00102f901bf5db11b000000009203115061726b205269646765204865616c7468,Park Ridge Health,+1 828 684 8501,http://www.parkridgehealth.org/
Hertford County,Ahoskie,Vidant Roanoke-Chowan Hospital,27910,-76.9950591677973,36.28533865,"Vidant Roanoke-Chowan Hospital, 500 Myers Street, Ahoskie, NC 27910, United States of America",['healthcare.hospital'],5185627845ae3f53c0598293f3658c244240f00102f9014022d61b0000000092031e566964616e7420526f616e6f6b652d43686f77616e20486f73706974616c,Vidant Roanoke-Chowan Hospital,+1 252 209 3000,https://www.vidanthealth.com/roanokechowan/
Hoke County,Raeford,FirstHealth Moore Regional Hospital-Hoke Campus,28376,-79.15021750034947,35.02033965,"FirstHealth Moore Regional Hospital-Hoke Campus, 6408 Fayetteville Road, Raeford, NC 28376, United States of America","['healthcare', 'healthcare.hospital']",51168f274e99c953c0594668c519a5824140f00102f901475b74200000000092032f46697273744865616c7468204d6f6f726520526567696f6e616c20486f73706974616c2d486f6b652043616d707573,FirstHealth Moore Regional Hospital-Hoke Campus,+1 910 878 6000,https://www.firsthealth.org/directory/hospitals-and-service-locations/firsthealth-moore-regional-hospital-hoke-campus
Hoke County,Raeford,Cape Fear Valley Health Hoke Hospital,28376,-79.10741221370446,35.02993385,"Cape Fear Valley Health Hoke Hospital, 210 Medical Pavilion Drive, Raeford, NC 28376, United States of America","['healthcare', 'healthcare.hospital']",519b385d4bddc653c059a2490bc1c8834140f00102f901485b7420000000009203254361706520466561722056616c6c6579204865616c746820486f6b6520486f73706974616c,Cape Fear Valley Health Hoke Hospital,+1 910 904 8000,http://www.capefearvalley.com/hospitals/hoke.html
Hyde County,Lake Landing,Engelhard Medical Center,27824,-76.02382254323567,35.50811555,"Engelhard Medical Center, United States Highway 264, Lake Landing, NC 27824, United States of America","['healthcare', 'healthcare.hospital']",51f02d9645860153c059e15b928809c14140f00102f90110a56e3300000000920318456e67656c68617264204d65646963616c2043656e746572,Engelhard Medical Center,,
Iredell County,Statesville,Iredell Memorial Hospital,28677,-80.87873771865318,35.800373050000005,"Iredell Memorial Hospital, 557 Brookdale Drive, Statesville, NC 28677, United States of America","['healthcare', 'healthcare.hospital']",51f805e941393854c059ad72a78267e64140f00102f90103b97e170000000092031949726564656c6c204d656d6f7269616c20486f73706974616c,Iredell Memorial Hospital,+1 704 873 5661,https://www.iredellhealth.org/
Iredell County,Statesville,Davis Regional Medical Center,28625,-80.82917193769809,35.8191549,"Davis Regional Medical Center, 218 Old Mocksville Road, Statesville, NC 28625, United States of America",['healthcare.hospital'],51c040cccf113554c0590014ca05d0e84140f00102f901c24eb71b0000000092031d446176697320526567696f6e616c204d65646963616c2043656e746572,Davis Regional Medical Center,+1 704 873 0281,https://www.davisregional.com/
Iredell County,Mooresville,Lake Norman Regional Medical Center,28117,-80.85379414446592,35.5493162,"Lake Norman Regional Medical Center, 171 Fairview Road, Mooresville, NC 28117, United States of America",['healthcare.hospital'],51c16a85d9a53654c059daf69c6548c64140f00102f90112360d1a000000009203234c616b65204e6f726d616e20526567696f6e616c204d65646963616c2043656e746572,Lake Norman Regional Medical Center,+1 704 660 4000,https://www.lnrmc.com/
Jackson County,Sylva,Harris Regional Hospital,28779,-83.20260901520544,35.3854052,"Harris Regional Hospital, 68 Hospital Road, Sylva, NC 28779, United States of America","['healthcare', 'healthcare.hospital']",5128d6bec7facc54c059aad456115eb14140f00102f9010d35af1b0000000092031848617272697320526567696f6e616c20486f73706974616c,Harris Regional Hospital,+1 828 586 7000,https://www.myharrisregional.com/
Johnston County,Smithfield,Johnston Health,27577,-78.33349218220175,35.51500385,"Johnston Health, 409 North Brightleaf Boulevard, Smithfield, NC 27577, United States of America","['healthcare', 'healthcare.hospital']",5151a5878c5d9553c0592b2a3db1e4c14140f00102f901d7932d140000000092030f4a6f686e73746f6e204865616c7468,Johnston Health,+1 919 934 8171,https://johnstonhealth.org/
Johnston County,Clayton,Johnston UNC Health Care Clayton,27524,-78.5029938078651,35.630856449999996,"Johnston UNC Health Care Clayton, 2138 NC 42, Clayton, NC 27524, United States of America","['healthcare', 'healthcare.hospital']",51b2a172d833a053c0596ee0fd6abed04140f00102f90171cc240d000000009203204a6f686e73746f6e20554e43204865616c7468204361726520436c6179746f6e,Johnston UNC Health Care Clayton,+1 919 585 8000,https://johnstonhealth.org/locations/johnston-health-clayton/
Johnston County,Clayton,Horizon Family Medicine,27527,-78.4272753,35.6892564,"Horizon Family Medicine, 100 Cunningham Lane, Clayton, NC 27527, United States of America","['healthcare', 'healthcare.hospital']",51def87f7a589b53c059eda5bf8d39d84140f00103f90173beb28c01000000920317486f72697a6f6e2046616d696c79204d65646963696e65,Horizon Family Medicine,(919) 359-6016,
Johnston County,Clayton,Gabriel Manor Assisted Living Center,27520,-78.5076213,35.627366,"Gabriel Manor Assisted Living Center, 84 Johnson Estate Rd, Clayton, NC 27520, United States of America","['healthcare', 'healthcare.hospital']",5131900cde7ca053c0590bab71874dd04140f00103f901c48b9397010000009203244761627269656c204d616e6f72204173736973746564204c6976696e672043656e746572,Gabriel Manor Assisted Living Center,(919) 359-3878,
Johnston County,Clayton,"Dr. Amy Salter, OD",27520,-78.4886956,35.6364829,"Dr. Amy Salter, OD, Butternut Lane, Clayton, NC 27520, United States of America",['healthcare.hospital'],51bdece8c9469f53c05920578b4578d14140f00103f9017c7292970100000092031244722e20416d792053616c7465722c204f44,"Dr. Amy Salter, OD",,
Johnston County,Clayton,Smithfield Heart & Vascular,27524,-78.5031313,35.6314602,"Smithfield Heart & Vascular, 2138 NC 42, Clayton, NC 27524, United States of America",['healthcare.hospital'],5104c69f4d33a053c059773815b0d3d04140f00103f901f5d192970100000092031b536d6974686669656c6420486561727420262056617363756c6172,Smithfield Heart & Vascular,,
Lee County,Sanford,Central Carolina Hospital,27339,-79.1868840337793,35.469096449999995,"Central Carolina Hospital, 1135 Carthage Street, Sanford, NC 27339, United States of America",['healthcare.hospital'],51a478ae06f8cb53c059fe88e6f602bc4140f00102f901a441a3190000000092031943656e7472616c204361726f6c696e6120486f73706974616c,Central Carolina Hospital,+1 919 774 2100,https://www.centralcarolinahosp.com/
Lenoir County,Kinston,Lenoir Memorial Hospital,28501,-77.58334163883896,35.290104150000005,"Lenoir Memorial Hospital, 100 Airport Road, Kinston, NC 28501, United States of America","['healthcare', 'healthcare.hospital']",51aa42f2f6516553c059db9c9f1a1da54140f00102f9016982d11b000000009203184c656e6f6972204d656d6f7269616c20486f73706974616c,Lenoir Memorial Hospital,+1 252 522 7000,http://www.lenoirmemorial.org/
Lincoln County,Lincolnton,Carolinas Healthcare System Lincoln,28092,-81.2030763568529,35.4900947,"Carolinas Healthcare System Lincoln, 433 McAlister Road, Lincolnton, NC 28092, United States of America","['healthcare', 'healthcare.hospital']",51b862b1e0024d54c059071b063ebabe4140f00102f901dfa4501a000000009203234361726f6c696e6173204865616c7468636172652053797374656d204c696e636f6c6e,Carolinas Healthcare System Lincoln,+1 980 212 2000,http://www.carolinashealthcare.org/locations/carolinas-healthcare-system-lincoln
Macon County,Highlands,Highlands-Cashiers Hospital,28741,-83.18570451702254,35.0863677,"Highlands-Cashiers Hospital, 190 Hospital Drive, Highlands, NC 28741, United States of America","['healthcare', 'healthcare.hospital']",51b9cf00b3dfcb54c05944da2673088b4140f00102f90151004b230000000092031b486967686c616e64732d436173686965727320486f73706974616c,Highlands-Cashiers Hospital,+1 828 526 1200,http://www.mission-health.org/about-highlands-cashiers-hospital.php
Macon County,Franklin,Angel Medical Center,28734,-83.3791485921178,35.18455285,"Angel Medical Center, 120 Riverview Street, Franklin, NC 28734, United States of America","['healthcare', 'healthcare.hospital']",51d139738540d854c05962cfe2af9c974140f00102f901b02f4b2300000000920314416e67656c204d65646963616c2043656e746572,Angel Medical Center,+1 828 524 8411,http://www.mission-health.org/about-angel-medical-center.php
Martin County,Williamston,Martin General Hospital,27892,-77.07213120660988,35.839652799999996,"Martin General Hospital, 310 South McCaskey Road, Williamston, NC 27892, United States of America","['building', 'building.healthcare', 'healthcare', 'healthcare.hospital', 'wheelchair', 'wheelchair.yes']",516bd70ffe9e4453c059d9a6ebb97aeb4140f00102f90176acd51b000000009203174d617274696e2047656e6572616c20486f73706974616c,Martin General Hospital,+1 252 809 6179,http://www.martingeneral.com/
McDowell County,Marion,Mission Hospital McDowell,28752,-82.02857838060021,35.662822899999995,"Mission Hospital McDowell, 430 Rankin Drive, Marion, NC 28752, United States of America","['healthcare', 'healthcare.hospital']",519dd9e369d38154c059cd1e15c0e0d44140f00102f90157294823000000009203194d697373696f6e20486f73706974616c204d63446f77656c6c,Mission Hospital McDowell,+1 828 659 5000,http://www.mission-health.org/about-mcdowell-hospital.php
Mecklenburg County,Charlotte,Carolinas Medical Center,28203,-80.83931376395819,35.20374595,"Carolinas Medical Center, 1000 Blythe Boulevard, Charlotte, NC 28203, United States of America","['healthcare', 'healthcare.hospital']",51f5679c51b23554c0596fe6a602149a4140f00102f9017b22410e000000009203184361726f6c696e6173204d65646963616c2043656e746572,Carolinas Medical Center,+1 704 355 2000,http://www.carolinashealthcare.org/locations/carolinas-medical-center
Mecklenburg County,Charlotte,Atrium Health Pineville,28210,-80.87159688163479,35.09203755,"Atrium Health Pineville, 10628 Park Road, Charlotte, NC 28210, United States of America","['healthcare', 'healthcare.hospital']",51b4227fbcce3754c059ede962dec48b4140f00102f901ccd7bf1b0000000092031741747269756d204865616c74682050696e6576696c6c65,Atrium Health Pineville,+1 704 667 1000,http://www.carolinashealthcare.org/locations/carolinas-healthcare-system-pineville
Mecklenburg County,Charlotte,Carolinas Medical Center-Mercy,28207,-80.82055883046371,35.20963195,"Carolinas Medical Center-Mercy, 2001 Vail Avenue, Charlotte, NC 28207, United States of America","['healthcare', 'healthcare.hospital']",514fe8ad31883454c0593073101cdf9a4140f00102f90102a0c61b0000000092031e4361726f6c696e6173204d65646963616c2043656e7465722d4d65726379,Carolinas Medical Center-Mercy,+1 704 304 5000,http://www.carolinashealthcare.org/locations/carolinas-medical-center-mercy
Mecklenburg County,Charlotte,Carolinas HealthCare System University,28262,-80.74737175036097,35.3057976,"Carolinas HealthCare System University, 8800 North Tryon Street, Charlotte, NC 28262, United States of America","['healthcare', 'healthcare.hospital']",51e134ee80ce2f54c05906eff00028a74140f00102f901e9187122000000009203264361726f6c696e6173204865616c7468436172652053797374656d20556e6976657273697479,Carolinas HealthCare System University,+1 704 863 6000,https://www.carolinashealthcare.org/locations/Carolinas-HealthCare-System-University
Mecklenburg County,Matthews,Matthews Medical Center,28105,-80.71474069566074,35.1192467,"Matthews Medical Center, 1500 Matthews Township Parkway, Matthews, NC 28105, United States of America","['healthcare', 'healthcare.hospital']",512b260e39b82d54c059a4a5b4884f8f4140f00102f901f4dabf1b000000009203174d61747468657773204d65646963616c2043656e746572,Matthews Medical Center,+1 704 384 6500,https://www.novanthealth.org/matthews-medical-center.aspx
Mecklenburg County,Charlotte,Charlotte Orthopedic Hospital,28207,-80.82321409173201,35.21033385,"Charlotte Orthopedic Hospital, 1901 Randolph Road, Charlotte, NC 28207, United States of America","['healthcare', 'healthcare.clinic_or_praxis.orthopaedics', 'healthcare.hospital']",51be2bd6c8ae3454c059caeb0d36e99a4140f00102f90101a0c61b0000000092031d436861726c6f747465204f7274686f706564696320486f73706974616c,Charlotte Orthopedic Hospital,+1 704 316 2000,https://www.novanthealth.org/charlotte-orthopedic-hospital.aspx
Mecklenburg County,Charlotte,Novant Health Presbyterian Medical Center,28204,-80.82430967559324,35.2125299,"Novant Health Presbyterian Medical Center, 200 Hawthorne Lane, Charlotte, NC 28204, United States of America","['healthcare', 'healthcare.hospital']",515bed5281bd3454c059b2922d75299b4140f00102f90103a0c61b000000009203294e6f76616e74204865616c74682050726573627974657269616e204d65646963616c2043656e746572,Novant Health Presbyterian Medical Center,+1 704 384 4000,https://www.novanthealth.org/presbyterian-medical-center.aspx
Mecklenburg County,Charlotte,Hemby Children's Hospital,28204,-80.8243454,35.2127722,"Hemby Children's Hospital, 200 Hawthorne Lane, Charlotte, NC 28204, United States of America","['healthcare', 'healthcare.clinic_or_praxis.paediatrics', 'healthcare.hospital']",51ea663513c23454c0598f88931e3c9b4140f00103f901c40bcd500100000092031948656d6279204368696c6472656e277320486f73706974616c,Hemby Children's Hospital,+1 704 384 4021,https://www.novanthealth.org/hemby-childrens-hospital.aspx
Mecklenburg County,Charlotte,Carolinas ContinueCARE Hospital,28210,-80.87297529728438,35.094425349999995,"Carolinas ContinueCARE Hospital, 10648 Park Road, Charlotte, NC 28210, United States of America","['healthcare', 'healthcare.hospital']",51724cfe0de13754c059d99fb194118c4140f00102f901cad7bf1b0000000092031f4361726f6c696e617320436f6e74696e75654341524520486f73706974616c,Carolinas ContinueCARE Hospital,+1 704 667 8050,https://continuecare.org/pineville/
Mecklenburg County,Huntersville,Novant Health Huntersville Medical Center,28078,-80.85993902558891,35.405735899999996,"Novant Health Huntersville Medical Center, 10030 Gilead Road, Huntersville, NC 28078, United States of America","['healthcare', 'healthcare.hospital']",51d336195b093754c05907dc6809f7b34140f00102f9013eed8431000000009203294e6f76616e74204865616c74682048756e7465727376696c6c65204d65646963616c2043656e746572,Novant Health Huntersville Medical Center,,https://www.novanthealth.org/
Mecklenburg County,Charlotte,Mint Hill Medical Center,28215,-80.64752871439185,35.22327575,"Mint Hill Medical Center, 8201 Healthcare Loop, Charlotte, NC 28215, United States of America","['healthcare', 'healthcare.hospital']",517b96f4e1762954c0595acc0a12959c4140f00102f90100805437000000009203184d696e742048696c6c204d65646963616c2043656e746572,Mint Hill Medical Center,,https://www.novanthealth.org/mint-hill-medical-center.aspx
Mecklenburg County,Charlotte,Carolinas Medical Center - Center For Mental Health,28274,-80.8039396,35.1920041,"Carolinas Medical Center - Center For Mental Health, 501 Billingsley Road, Charlotte, NC 28274, United States of America",['healthcare.hospital'],51657d14bf733354c0594c61209793984140f00103f901675ba685020000009203334361726f6c696e6173204d65646963616c2043656e746572202d2043656e74657220466f72204d656e74616c204865616c7468,Carolinas Medical Center - Center For Mental Health,+1 704 355 2000,
Mecklenburg County,Charlotte,Atrium Health Biddle Point,28216,-80.85943870160202,35.241877099999996,"Atrium Health Biddle Point, 1801 Rozzelles Ferry Road, Charlotte, NC 28216, United States of America","['building', 'building.healthcare', 'healthcare', 'healthcare.hospital']",51812c7b70003754c0599742b0a0f59e4140f00102f9016f2156130000000092031a41747269756d204865616c746820426964646c6520506f696e74,Atrium Health Biddle Point,,
Mecklenburg County,Charlotte,Novant Health Imaging - Museum,28207,-80.81140611924599,35.1976835,"Novant Health Imaging - Museum, 2900 Randolph Road, Charlotte, NC 28207, United States of America","['building', 'building.healthcare', 'healthcare', 'healthcare.hospital']",516a418dc7ee3354c059d06587e94c994140f00102f90104cfdb310000000092031e4e6f76616e74204865616c746820496d6167696e67202d204d757365756d,Novant Health Imaging - Museum,,
Mecklenburg County,Charlotte,Cotswold Medical Clinic,28211,-80.79911050801948,35.178714,"Cotswold Medical Clinic, 200 Greenwich Road, Charlotte, NC 28211, United States of America","['building', 'building.healthcare', 'healthcare', 'healthcare.hospital']",51e466c6a0243354c05933a15c1ce0964140f00102f9019df8f13300000000920317436f7473776f6c64204d65646963616c20436c696e6963,Cotswold Medical Clinic,,
Mecklenburg County,Charlotte,Pineville Medical Plaza I,28210,-80.87131819627902,35.090812850000006,"Pineville Medical Plaza I, 10650 Park Road, Charlotte, NC 28210, United States of America","['building', 'building.healthcare', 'healthcare', 'healthcare.hospital']",51faafbfb5c33754c0598757acb49f8b4140f00102f90120b17b370000000092031950696e6576696c6c65204d65646963616c20506c617a612049,Pineville Medical Plaza I,,
Mecklenburg County,Charlotte,Pineville Medical Plaza II,28210,-80.87104959692942,35.09019465,"Pineville Medical Plaza II, 10660 Park Road, Charlotte, NC 28210, United States of America","['building', 'building.healthcare', 'healthcare', 'healthcare.hospital']",5149e94e43bf3754c059d3f66a11898b4140f00102f90121b17b370000000092031a50696e6576696c6c65204d65646963616c20506c617a61204949,Pineville Medical Plaza II,,
Mecklenburg County,Charlotte,Atrium Health Steele Creek,28273,-80.9929338989717,35.09907885,"Atrium Health Steele Creek, 13640 Steelecroft Parkway, Charlotte, NC 28273, United States of America","['healthcare', 'healthcare.hospital']",513a43863c8b3f54c0590004107fa98c4140f00102f9013c277f370000000092031a41747269756d204865616c746820537465656c6520437265656b,Atrium Health Steele Creek,,
Mecklenburg County,Charlotte,Ditesheim Cosmetic Surgery,28277,-80.8081418,35.0298009,"Ditesheim Cosmetic Surgery, 9336 Blakeney Centre Drive, Charlotte, NC 28277, United States of America","['healthcare', 'healthcare.hospital']",51f5616298b83354c059b5b31084d0834140f00103f9017593cd9b0000000092031a44697465736865696d20436f736d657469632053757267657279,Ditesheim Cosmetic Surgery,,
Mecklenburg County,Charlotte,Atrium Family Health Care,28211,-80.8016605,35.1744565,"Atrium Family Health Care, 309 South Sharon Amity Road, Charlotte, NC 28211, United States of America","['healthcare', 'healthcare.clinic_or_praxis.general', 'healthcare.hospital']",51ae7fd7674e3354c059ce50309754964140f00103f9010b529bd60100000092031941747269756d2046616d696c79204865616c74682043617265,Atrium Family Health Care,,
Mecklenburg County,Charlotte,Novant Health & Vascular Institute - Elizabeth (Cardio),28204,-80.8266875,35.2115458,"Novant Health & Vascular Institute - Elizabeth (Cardio), 125 Queens Road, Charlotte, NC 28204, United States of America","['healthcare', 'healthcare.clinic_or_praxis.cardiology', 'healthcare.hospital']",51c520b072e83454c0595b96c9ee139b4140f00103f90177e0b35a020000009203374e6f76616e74204865616c746820262056617363756c617220496e73746974757465202d20456c697a6162657468202843617264696f29,Novant Health & Vascular Institute - Elizabeth (Cardio),,
Mecklenburg County,Charlotte,No Name Given - Possible branch of main Hospital,28204,-80.8213626218013,35.211865700000004,"Park Drive, Charlotte, NC 28204, United States of America","['healthcare', 'healthcare.hospital']",51aa3cf20f913454c0590e3d70c7229b4140f00102f90149e5d82e00000000,,,
Mecklenburg County,Charlotte,No Name Given - Possible branch of main Hospital,28204,-80.83881690919891,35.210138,"1225 Harding Place, Charlotte, NC 28204, United States of America","['healthcare', 'healthcare.hospital']",517edf023cb03554c0595468bec7e89a4140f00102f90171547a3700000000,,,
Mecklenburg County,Charlotte,No Name Given - Possible branch of main Hospital,28277,-80.84322091849037,35.039286000000004,"Wayland Drive, Charlotte, NC 28277, United States of America","['healthcare', 'healthcare.hospital']",5138908ac7f83554c059853a49b009854140f00102f901eb360b4200000000,,,
Mitchell County,Spruce Pine,Blue Ridge Regional Hospital,28777,-82.06207583021586,35.91149025,"Blue Ridge Regional Hospital, 125 Hospital Drive, Spruce Pine, NC 28777, United States of America",['healthcare.hospital'],5101f12345f78354c0595c4266c3a9f44140f00102f901b497b41b0000000092031c426c756520526964676520526567696f6e616c20486f73706974616c,Blue Ridge Regional Hospital,+1 828 213 1111,http://www.mission-health.org/about-blue-ridge-regional-hospital.php
Montgomery County,Troy,FirstHealth Montgomery Memorial Hospital,27371,-79.89068811709583,35.3647651,"FirstHealth Montgomery Memorial Hospital, 420 Allen Street, Troy, NC 27371, United States of America","['healthcare', 'healthcare.hospital']",517d26bd9900f953c05911de5420b3ae4140f00102f901edf8c91b0000000092032846697273744865616c7468204d6f6e74676f6d657279204d656d6f7269616c20486f73706974616c,FirstHealth Montgomery Memorial Hospital,+1 910 571 5000,https://www.firsthealth.org/directory/hospitals-and-service-locations/firsthealth-montgomery-memorial-hospital
Moore County,Pinehurst,FirstHealth Moore Regional Hospital,28374,-79.45629907800082,35.2059281,"FirstHealth Moore Regional Hospital, 155 Memorial Drive, Pinehurst, NC 28374, United States of America","['healthcare', 'healthcare.hospital']",51eb8cf96b35dd53c059d3ba17a9589a4140f00102f901943348230000000092032346697273744865616c7468204d6f6f726520526567696f6e616c20486f73706974616c,FirstHealth Moore Regional Hospital,+1 910 715 1000,https://www.firsthealth.org/directory/hospitals-and-service-locations/firsthealth-moore-regional-hospital
Nash County,Rocky Mount,Nash General Hospital,27804,-77.85358505783486,35.976205449999995,"Nash General Hospital, 2460 Curtis Ellis Drive, Rocky Mount, NC 27804, United States of America","['healthcare', 'healthcare.hospital']",51f3b5d098a97653c0593cbe4f84f3fc4140f00102f901a1ba4d0d000000009203154e6173682047656e6572616c20486f73706974616c,Nash General Hospital,+1 252 962 8000,https://nhcs.org/hospitals/nash_general
Nash County,Rocky Mount,PAM Health Long-Term Acute Care Hospital,27804,-77.818865,35.975103,"PAM Health Long-Term Acute Care Hospital, 1051 Noell Lane, Rocky Mount, NC 27804, United States of America",['healthcare.hospital'],51b3b5be48687453c059e10ad32cd0fc4140f00103f901d9dca5850200000092032850414d204865616c7468204c6f6e672d5465726d204163757465204361726520486f73706974616c,PAM Health Long-Term Acute Care Hospital,+1 252 451 2300,https://pamhealth.com/facilities/find-facility/specialty-hospitals/PAM-Specialty-Hospital-of-Rocky-Mount
New Hanover County,Wilmington,New Hanover Regional Medical Center Orthopedic Hospital,28403,-77.86288092076006,34.21313755,"New Hanover Regional Medical Center Orthopedic Hospital, 5301 Wrightsville Avenue, Wilmington, NC 28403, United States of America","['healthcare', 'healthcare.hospital']",51fbef7579387753c0593935bae63d1b4140f00102f9019ccc5e17000000009203374e65772048616e6f76657220526567696f6e616c204d65646963616c2043656e746572204f7274686f706564696320486f73706974616c,New Hanover Regional Medical Center Orthopedic Hospital,+1 910 667 8100,https://www.nhrmc.org/locations/nhrmc-orthopedic-hospital
New Hanover County,Wilmington,New Hanover Regional Medical Center,28401,-77.92105615450585,34.205089099999995,"New Hanover Regional Medical Center, 2131 South 17th Street, Wilmington, NC 28401, United States of America","['healthcare', 'healthcare.hospital', 'wheelchair', 'wheelchair.yes']",51db9b325af87a53c059896ad7e3511a4140f00102f901346df714000000009203234e65772048616e6f76657220526567696f6e616c204d65646963616c2043656e746572,New Hanover Regional Medical Center,+1 910 343 7000,https://www.nhrmc.org/
New Hanover County,Wilmington,Wilmington Treatment Center,28401,-77.92946,34.194225,"Wilmington Treatment Center, 2520 Troy Drive, Wilmington, NC 28401, United States of America","['healthcare', 'healthcare.hospital']",512bbccb457c7b53c0593cb1625ddc184140f00103f901d1d4ed150000000092031b57696c6d696e67746f6e2054726561746d656e742043656e746572,Wilmington Treatment Center,+1 910 758 2023,https://www.wilmingtontreatment.com/
Onslow County,Jacksonville,Onslow Memorial Hospital,28546,-77.38533117976878,34.76247565,"Onslow Memorial Hospital, 317 Western Boulevard, Jacksonville, NC 28546, United States of America","['healthcare', 'healthcare.hospital']",51e71672ada95853c0599df4b07b9f614140f00102f901d1e8c119000000009203184f6e736c6f77204d656d6f7269616c20486f73706974616c,Onslow Memorial Hospital,+1 910 577 2345,https://www.onslow.org/
Onslow County,Marine Corps Base Camp Lejeune,Naval Medical Center Camp Lejeune,28547,-77.35937967553149,34.72133775,"Naval Medical Center Camp Lejeune, Marine Corps Base Camp Lejeune, NC 28547, United States of America","['access_limited', 'access_limited.private', 'healthcare', 'healthcare.hospital']",51cb639615f85653c05930b9ba185f5c4140f00102f9015d4ecd1b000000009203214e6176616c204d65646963616c2043656e7465722043616d70204c656a65756e65,Naval Medical Center Camp Lejeune,+1 910-450-4300,https://www.med.navy.mil/sites/nhcl/
Onslow County,Jacksonville,Brynn Marr Hospital,28546,-77.37497329498004,34.74639295,"Brynn Marr Hospital, Village Drive, Jacksonville, NC 28546, United States of America","['healthcare', 'healthcare.hospital']",511f3031d5fe5753c0591338dd30895f4140f00102f901b7744d29000000009203134272796e6e204d61727220486f73706974616c,Brynn Marr Hospital,,
Orange County,Chapel Hill,UNC Medical Center,27514,-79.050641782249,35.9050278,"UNC Medical Center, 101 Manning Drive, Chapel Hill, NC 27514, United States of America","['building', 'building.healthcare', 'healthcare', 'healthcare.hospital']",51724ace713cc353c059c2d1d660d8f34140f00101f90123f4040000000000920312554e43204d65646963616c2043656e746572,UNC Medical Center,+1 984 974 1000,http://www.uncmedicalcenter.org/
Orange County,Hillsborough,UNC Hospitals Hillsborough Campus,27278,-79.0909761262633,36.036918650000004,"UNC Hospitals Hillsborough Campus, 430 Waterstone Drive, Hillsborough, NC 27278, United States of America","['healthcare', 'healthcare.hospital']",518a0ea4b1cfc553c05989aff6a4b5044240f00102f9012434d02200000000920321554e4320486f73706974616c732048696c6c73626f726f7567682043616d707573,UNC Hospitals Hillsborough Campus,+1 984 215 2000,https://www.uncmedicalcenter.org/uncmc/hospitals-locations/profile/unc-hospitals-hillsborough-campus/
Orange County,Chapel Hill,N. C. Cancer Hospital,27599,-79.04944524666513,35.90390085,"N. C. Cancer Hospital, East Drive, Chapel Hill, NC 27599, United States of America","['building', 'building.healthcare', 'healthcare', 'healthcare.hospital']",51c96c32cc29c353c05993ee0148aff34140f00102f90141750e08000000009203154e2e20432e2043616e63657220486f73706974616c,N. C. Cancer Hospital,,
Orange County,Chapel Hill,Taylor Hall,27514,-79.0547917,35.9027654,"Taylor Hall, 109 Mason Farm Road, Chapel Hill, NC 27514, United States of America","['healthcare', 'healthcare.hospital']",51e6e50bb581c353c0594be40dd18df34140f00103f9013213a0550100000092030b5461796c6f722048616c6c,Taylor Hall,,
Pasquotank County,Elizabeth City,Sentara Albemarle Medical Center,27909,-76.21861903167705,36.32361625,"Sentara Albemarle Medical Center, 1144 North Road Street, Elizabeth City, NC 27909, United States of America","['healthcare', 'healthcare.hospital']",514437526bfe0d53c0591511c09768294240f00102f9011c0acf220000000092032053656e7461726120416c62656d61726c65204d65646963616c2043656e746572,Sentara Albemarle Medical Center,+1 252 335 0531,https://www.sentara.com/albemarle-north-carolina/hospitalslocations/locations/new-sentara-albemarle-medical-center.aspx
Pender County,Burgaw,Pender Memorial Hospital,28425,-77.91980848512868,34.5505574,"Pender Memorial Hospital, 507 East Freemont Street, Burgaw, NC 28425, United States of America","['healthcare', 'healthcare.hospital']",51dddf9c01dd7a53c059cd69c46e76464140f00102f901d958cf1b0000000092031850656e646572204d656d6f7269616c20486f73706974616c,Pender Memorial Hospital,+1 910 300 4000,https://www.nhrmc.org/locations/pender-memorial-hospital
Person County,Roxboro,Person Memorial Hospital,27573,-78.98524838272327,36.40848405,"Person Memorial Hospital, 615 Ridge Road, Roxboro, NC 27573, United States of America","['healthcare', 'healthcare.hospital']",51bdbd767610bf53c05924879ae44a344240f00102f901b6b6b71900000000920318506572736f6e204d656d6f7269616c20486f73706974616c,Person Memorial Hospital,+1 336 599 2121,https://www.personhospital.com/
Pitt County,Greenville,Vidant Medical Center,27835,-77.40290417027052,35.607598550000006,"Vidant Medical Center, 2100 Stantonsburg Road, Greenville, NC 27835, United States of America","['healthcare', 'healthcare.hospital']",510ab98876cd5953c059943a0575c0cd4140f00102f9019106d51b00000000920315566964616e74204d65646963616c2043656e746572,Vidant Medical Center,+1 252 847 4100,https://www.vidanthealth.com/medicalcenter/
Pitt County,Greenville,Vidant Cancer Care,27834,-77.40034719241888,35.60790085,"Vidant Cancer Care, 524 Moye Boulevard, Greenville, NC 27834, United States of America","['building', 'building.healthcare', 'healthcare', 'healthcare.hospital']",516552fb42a05953c05997807084cdcd4140f00102f90107e2602400000000920312566964616e742043616e6365722043617265,Vidant Cancer Care,+1 252 816 2273,
Pitt County,Greenville,James and Connie Maynard Children's Hospital,27834,-77.40473333706032,35.6060222,"James and Connie Maynard Children's Hospital, Stantonsburg Road, Greenville, NC 27834, United States of America","['building', 'building.healthcare', 'healthcare', 'healthcare.clinic_or_praxis.paediatrics', 'healthcare.hospital']",51ffc75e57e85953c059b4bbfd8090cd4140f00102f90104e260240000000092032c4a616d657320616e6420436f6e6e6965204d61796e617264204368696c6472656e277320486f73706974616c,James and Connie Maynard Children's Hospital,,
Pitt County,Greenville,East Carolina Heart Institute,27834,-77.40134486195498,35.607998699999996,"East Carolina Heart Institute, Moye Boulevard, Greenville, NC 27834, United States of America","['building', 'building.healthcare', 'healthcare', 'healthcare.clinic_or_praxis.cardiology', 'healthcare.hospital']",51cf4c6786b05953c059eee62a96d6cd4140f00102f90105e260240000000092031d45617374204361726f6c696e6120486561727420496e73746974757465,East Carolina Heart Institute,,
Polk County,Columbus,Saint Luke's Hospital,28722,-82.2125888081255,35.239498600000005,"Saint Luke's Hospital, 101 Hospital Drive, Columbus, NC 28722, United States of America","['healthcare', 'healthcare.hospital']",51d28f40199a8d54c05938f9cfaaaf9e4140f00102f901cac2b01b000000009203155361696e74204c756b65277320486f73706974616c,Saint Luke's Hospital,+1 828 894 3311,http://www.saintlukeshospital.com/
Randolph County,Asheboro,Randolph Health,27204,-79.81438339348169,35.7114241,"Randolph Health, 364 White Oak Street, Asheboro, NC 27204, United States of America","['healthcare', 'healthcare.hospital']",51676fdad41bf453c059f162928519db4140f00102f901682d08150000000092030f52616e646f6c7068204865616c7468,Randolph Health,+1 336 625 5151,http://www.randolphhospital.org/
Richmond County,Rockingham,First Health Richmond Memorial Hospital,28379,-79.74951311104653,34.93035985,"First Health Richmond Memorial Hospital, 925 South Long Drive, Rockingham, NC 28379, United States of America","['healthcare', 'healthcare.hospital']",515e5604e9f8ef53c0597a033e4514774140f00102f9013621202b000000009203274669727374204865616c746820526963686d6f6e64204d656d6f7269616c20486f73706974616c,First Health Richmond Memorial Hospital,,
Robeson County,Lumberton,Southeastern Regional Medical Center,28359,-79.01132503494614,34.637205949999995,"Southeastern Regional Medical Center, 300 West 27th Street, Lumberton, NC 28359, United States of America","['healthcare', 'healthcare.hospital']",516770e784bbc053c059e861edcb8e514140f00102f901e74b853a00000000920324536f7574686561737465726e20526567696f6e616c204d65646963616c2043656e746572,Southeastern Regional Medical Center,+1 910 671 5000,http://www.srmc.org/
Rockingham County,Eden,UNC Rockingham Health Care,27288,-79.73880188301777,36.49507585,"UNC Rockingham Health Care, 117 East Kings Highway, Eden, NC 27288, United States of America","['healthcare', 'healthcare.hospital']",518cca4a2647ef53c059da016898583f4240f00102f901baa9c91b0000000092031a554e4320526f636b696e6768616d204865616c74682043617265,UNC Rockingham Health Care,+1 336 623 9711,https://www.uncrockingham.org/
Rockingham County,Reidsville,Annie Penn Hospital,27320,-79.66747489409163,36.3537734,"Annie Penn Hospital, 618 South Main Street, Reidsville, NC 27320, United States of America","['healthcare', 'healthcare.hospital']",51b30d2178b7ea53c059612a4a4c452d4240f00102f901cdc0c91b00000000920313416e6e69652050656e6e20486f73706974616c,Annie Penn Hospital,+1 336 951 4000,https://www.conehealth.com/locations/annie-penn-hospital/
Rowan County,Salisbury,W. G. (Bill) Hefner Veterans Affairs Medical Center,28144,-80.4907533966859,35.68456975,"W. G. (Bill) Hefner Veterans Affairs Medical Center, 1601 Brenner Avenue, Salisbury, NC 28144, United States of America","['healthcare', 'healthcare.hospital']",510c5fbf446b1f54c059817b526c90d74140f00102f9014304f01400000000920333572e20472e202842696c6c29204865666e6572205665746572616e732041666661697273204d65646963616c2043656e746572,W. G. (Bill) Hefner Veterans Affairs Medical Center,704-638-9000,https://www.salisbury.va.gov/
Rowan County,Salisbury,Novant Health Rowan Medical Center,28144,-80.47113041650749,35.6816495,"Novant Health Rowan Medical Center, 612 Mocksville Avenue, Salisbury, NC 28144, United States of America","['healthcare', 'healthcare.hospital']",51ce40f4a9281e54c0598eec845e40d74140f00102f901aa39f014000000009203224e6f76616e74204865616c746820526f77616e204d65646963616c2043656e746572,Novant Health Rowan Medical Center,704-210-5000,https://www.novanthealth.org/rowan-medical-center.aspx
Rutherford County,Rutherfordton,Rutherford Regional Health System,28139,-81.9656609,35.3626207,"Rutherford Regional Health System, 288 South Ridgecrest Street, Rutherfordton, NC 28139, United States of America",['healthcare.hospital'],51aa216063cd7d54c05950fce65a6aae4140f00103f90125c0531500000000920321527574686572666f726420526567696f6e616c204865616c74682053797374656d,Rutherford Regional Health System,+1 828 286 5000,https://www.myrutherfordregional.com/
Rutherford County,Lake Lure,Blue Ridge Health - Lake Lure,28746,-82.1973193,35.4132635,"Blue Ridge Health - Lake Lure, 146 NC 9, Lake Lure, NC 28746, United States of America","['healthcare', 'healthcare.hospital']",51a71721e1a08c54c0591ce27fd1e5b44140f00103f9010e0d90380200000092031d426c7565205269646765204865616c7468202d204c616b65204c757265,Blue Ridge Health - Lake Lure,,https://www.brchs.com/directory/blue-ridge-health-lake-lure/
Rutherford County,Rutherfordton,No Name Given - Possible branch of main Hospital,28139,-81.96612805038902,35.36218475,"Henry Norris Road, Rutherfordton, NC 28139, United States of America","['healthcare', 'healthcare.hospital']",51f9bf985bd87d54c059fe9957675aae4140f00102f9014368ff2600000000,,,
Sampson County,Clinton,Sampson Regional Medical Center,28328,-78.32395442845943,35.00620175,"Sampson Regional Medical Center, 607 Beaman Street, Clinton, NC 28328, United States of America","['healthcare', 'healthcare.hospital']",512b429956bf9453c059fff67734cb804140f00102f901e7c4ce1b0000000092031f53616d70736f6e20526567696f6e616c204d65646963616c2043656e746572,Sampson Regional Medical Center,+1 910 592 8511,https://www.sampsonrmc.org/
Scotland County,Laurinburg,Scotland Memorial Hospital,28352,-79.46884571195173,34.75273785,"Scotland Memorial Hospital, 500 Lauchwood Drive, Laurinburg, NC 28352, United States of America","['healthcare', 'healthcare.hospital']",51e4a3d29e00de53c059f5edb1665c604140f00102f901dc2846230000000092031a53636f746c616e64204d656d6f7269616c20486f73706974616c,Scotland Memorial Hospital,+1 910 291 7000,https://www.scotlandhealth.org/
Stanly County,Albemarle,Carolinas Healthcare Center System - Stanly Regional Medical Center,28002,-80.19445208690968,35.3640747,"Carolinas Healthcare Center System - Stanly Regional Medical Center, 301 Yadkin Street, Albemarle, NC 28002, United States of America","['healthcare', 'healthcare.hospital']",513dfd1879720c54c059afb881c995ae4140f00102f901845d391a000000009203434361726f6c696e6173204865616c7468636172652043656e7465722053797374656d202d205374616e6c7920526567696f6e616c204d65646963616c2043656e746572,Carolinas Healthcare Center System - Stanly Regional Medical Center,+1 704 984 4000,http://www.stanly.org/
Stokes County,Danbury,Pioneer Community Hospital,27016,-80.23087740541283,36.418073,"Pioneer Community Hospital, 1570 Hospice Drive, Danbury, NC 27016, United States of America","['healthcare', 'healthcare.hospital', 'wheelchair', 'wheelchair.yes']",515d3b5099c60e54c0594956f6e680354240f00102f9017e6c61100000000092031a50696f6e65657220436f6d6d756e69747920486f73706974616c,Pioneer Community Hospital,+1 336 593 2831,http://www.pchstokes.com/
Surry County,Mount Airy,Northern Hospital of Surry County,27030,-80.61229627839566,36.48911485,"Northern Hospital of Surry County, 830 Rockford Street, Mount Airy, NC 27030, United States of America","['healthcare', 'healthcare.hospital', 'wheelchair', 'wheelchair.yes']",515fdfb80a312754c059cc4b15e8983e4240f00102f901d40eb51b000000009203214e6f72746865726e20486f73706974616c206f6620537572727920436f756e7479,Northern Hospital of Surry County,+1 336 719 7000,http://www.northernhospital.com/
Surry County,Elkin,Hugh Chatham Memorial Hospital,28621,-80.83910119260966,36.2618023,"Hugh Chatham Memorial Hospital, 180 Parkwood Drive, Elkin, NC 28621, United States of America","['healthcare', 'healthcare.hospital']",51858ce786ae3554c05921ce26d381214240f00102f901f318b51b0000000092031e48756768204368617468616d204d656d6f7269616c20486f73706974616c,Hugh Chatham Memorial Hospital,+1 336 527 7000,http://www.hughchatham.org/
Swain County,Bryson City,Swain County Hospital,28713,-83.44459147578522,35.43462065,"Swain County Hospital, 45 Plateau Street, Bryson City, NC 28713, United States of America","['healthcare', 'healthcare.hospital']",51df26360977dc54c059fc8af148a4b74140f00102f90168fcae1b00000000920315537761696e20436f756e747920486f73706974616c,Swain County Hospital,+1 828 488 2155,https://www.myswaincommunity.com/
Swain County,Yellowhill Community,   Cherokee Indian Hospital,28719,-83.32366994197079,35.483776500000005,"Cherokee Indian Hospital, 1 Hospital Road, Yellowhill Community, NC 28719, United States of America","['healthcare', 'healthcare.hospital']",51dd1d4362b5d454c059098ff87af3bd4140f00102f9010255482300000000920342e18fa3e18eb3e18ea920e18ea0e18f82e18fb4e18fabe18faf20e18ea6e18f82e18ea6e18f99e18ea220436865726f6b656520496e6469616e20486f73706974616c,   Cherokee Indian Hospital,+1-828-497-9163,http://cherokeehospital.org/
Swain County,Yellowhill Community,Unity Healing Center,28719,-83.31843782126506,35.4821818,"Unity Healing Center, 448 Sequoyah Trail, Yellowhill Community, NC 28719, United States of America","['healthcare', 'healthcare.hospital']",51a9c3f67662d454c059299a6e1abbbd4140f00102f9017591044100000000920314556e697479204865616c696e672043656e746572,Unity Healing Center,+1-828-497-3958,
Transylvania County,Brevard,Transylvania Regional Hospital,28712,-82.71182466295821,35.2560121,"Transylvania Regional Hospital, 260 Hospital Drive, Brevard, NC 28712, United States of America","['healthcare', 'healthcare.hospital']",51ffd9573c8dad54c059e259d928c4a04140f00102f901c28fb01b0000000092031e5472616e73796c76616e696120526567696f6e616c20486f73706974616c,Transylvania Regional Hospital,+1 828 884 9111,http://www.mission-health.org/about-transylvania-regional-hospital.php
Union County,Monroe,Carolinas Medical Center - Union,28112,-80.52226811412388,34.97545435,"Carolinas Medical Center - Union, 600 Hospital Drive, Monroe, NC 28112, United States of America","['healthcare', 'healthcare.hospital']",51d23f43596b2154c059620d69b7d17c4140f00102f901bf872c1a000000009203204361726f6c696e6173204d65646963616c2043656e746572202d20556e696f6e,Carolinas Medical Center - Union,+1 980 993 3100,http://www.carolinashealthcare.org/locations/carolinas-healthcare-system-union
Union County,Matthews,Atrium Health Union West,28104,-80.6756032011623,35.093936549999995,"Atrium Health Union West, 1000 Healing Way, Matthews, NC 28104, United States of America","['healthcare', 'healthcare.hospital']",51147428b03c2b54c0596cb4f6470c8c4140f00102f901db5d703d0000000092031841747269756d204865616c746820556e696f6e2057657374,Atrium Health Union West,,https://atriumhealth.org/locations/detail/atrium-health-union-west
Vance County,Henderson,Maria Parham Health,27536,-78.4494465,36.3308651,"Maria Parham Health, 566 Ruin Creek Road, Henderson, NC 27536, United States of America",['healthcare.hospital'],514eb340bbc39c53c0592e739fc9592a4240f00103f9013927a685020000009203134d617269612050617268616d204865616c7468,Maria Parham Health,+1 252 436 1100,https://www.mariaparham.com/
Wake County,Raleigh,Duke Raleigh Hospital,27609,-78.61794743373098,35.82859565,"Duke Raleigh Hospital, 3400 Wake Forest Road, Raleigh, NC 27609, United States of America","['healthcare', 'healthcare.hospital']",51c5dd7e1a8da753c0592ee4b1ca04ea4140f00102f901e168ae0b0000000092031544756b652052616c6569676820486f73706974616c,Duke Raleigh Hospital,+1 919 954 3000,https://www.dukehealth.org/hospitals/duke-raleigh-hospital/home
Wake County,Raleigh,WakeMed Health & Hospitals: Raleigh Campus,27610,-78.5882426603876,35.7826101,"WakeMed Health & Hospitals: Raleigh Campus, 3000 New Bern Avenue, Raleigh, NC 27610, United States of America","['healthcare', 'healthcare.hospital']",511192eac7a7a553c059774a6e9f36e44140f00102f90120d0cf0b0000000092032a57616b654d6564204865616c7468202620486f73706974616c733a2052616c656967682043616d707573,WakeMed Health & Hospitals: Raleigh Campus,+1 919 350 8000,https://www.wakemed.org/raleigh-campus
Wake County,Cary,WakeMed Cary Hospital,27512,-78.78147066245384,35.74039165,"WakeMed Cary Hospital, 1900 Kildaire Farm Road, Cary, NC 27512, United States of America","['healthcare', 'healthcare.hospital', 'wheelchair', 'wheelchair.yes']",5165c99b2205b253c0591e56898ec2de4140f00102f901efeaa9130000000092031557616b654d6564204361727920486f73706974616c,WakeMed Cary Hospital,+1 919 350 8000,https://www.wakemed.org/cary-hospital
Wake County,Raleigh,UNC REX Healthcare,27607,-78.7032625,35.8181161,"UNC REX Healthcare, 4420 Lake Boone Trail, Raleigh, NC 27607, United States of America","['healthcare', 'healthcare.hospital']",513480b74002ad53c059504f4207b8e84140f00103f90104d0531500000000920312554e4320524558204865616c746863617265,UNC REX Healthcare,+1 919 784 3100,http://www.rexhealth.com/
Wake County,Raleigh,WakeMed North Family Health & Womens Hospital,27614,-78.59770630078972,35.9091397,"WakeMed North Family Health & Womens Hospital, 10000 Falls of Neuse Road, Raleigh, NC 27614, United States of America","['healthcare', 'healthcare.hospital', 'wheelchair', 'wheelchair.yes']",5108ede2e442a653c059986094cf5af44140f00102f9018a5e58160000000092033057616b654d6564204e6f7274682046616d696c79204865616c7468202620576f6d656ee280997320486f73706974616c,WakeMed North Family Health & Womens Hospital,+1 919 350 8000,https://www.wakemed.org/north
Wake County,Raleigh,Holly Hill Hospital,27610,-78.58398735132177,35.78293015,"Holly Hill Hospital, 3019 Falstaff Road, Raleigh, NC 27610, United States of America","['healthcare', 'healthcare.clinic_or_praxis.psychiatry', 'healthcare.hospital']",51493146e95fa553c0590c56cddf39e44140f00102f9013bbccf0b00000000920313486f6c6c792048696c6c20486f73706974616c,Holly Hill Hospital,+1 919 250 7000,https://hollyhillhospital.com/
Wake County,Raleigh,Rex Healthcare of Wakfield,27614,-78.5412297,35.9475673,"Rex Healthcare of Wakfield, 11200 Governor Manly Way, Raleigh, NC 27614, United States of America",['healthcare.hospital'],51ee47e581a3a253c059ec8ca1e249f94140f00103f9018561aa660000000092031a526578204865616c746863617265206f662057616b6669656c64,Rex Healthcare of Wakfield,+1 919 570 7500,https://www.rexhealth.com/rh/hospitals-locations/profile/?id=277
Wake County,Garner,Strategic Behavioral Center - Garner,27529,-78.5614083,35.6780342,"Strategic Behavioral Center - Garner, 3200 Waterfield Drive, Garner, NC 27529, United States of America","['healthcare.clinic_or_praxis.psychiatry', 'healthcare.hospital']",51fd0c141deea353c059c3a61cd3c9d64140f00103f9010d76a68502000000920324537472617465676963204265686176696f72616c2043656e746572202d204761726e6572,Strategic Behavioral Center - Garner,+1 919 800 4400,https://sbcraleigh.com
Wake County,Raleigh,North Carolina Heart & Vascular Hospital,27607,-78.7033593,35.8193917,"North Carolina Heart & Vascular Hospital, 4420 Lake Boone Trail, Raleigh, NC 27607, United States of America","['healthcare', 'healthcare.hospital']",5199b5b9d603ad53c0599273c4d3e1e84140f00103f901ed4d3566020000009203284e6f727468204361726f6c696e6120486561727420262056617363756c617220486f73706974616c,North Carolina Heart & Vascular Hospital,(919) 784-3100,
Wake County,Raleigh,Rex Bariatrics,27607,-78.7010436,35.8150564,"Rex Bariatrics, 4207 Lake Boone Trail, Raleigh, NC 27607, United States of America","['healthcare', 'healthcare.hospital']",517cc4f9e5ddac53c0596697a2c453e84140f00103f9014d5035660200000092030e5265782042617269617472696373,Rex Bariatrics,(919) 784-7874,
Wake County,Raleigh,Triangle Disc Care,27607,-78.7017673,35.81502,"Triangle Disc Care, 4301 Lake Boone Trail, Raleigh, NC 27607, United States of America","['healthcare', 'healthcare.hospital']",51bdb964c1e9ac53c059c72f4a9352e84140f00103f901c70a366602000000920312547269616e676c6520446973632043617265,Triangle Disc Care,(919) 571-2515,
Wake County,Raleigh,Mid-Carolina Obstetrics & Gynecology,27607,-78.7010551,35.8173783,"Mid-Carolina Obstetrics & Gynecology, 4414 Lake Boone Trail, Raleigh, NC 27607, United States of America","['healthcare', 'healthcare.hospital']",516bcc3516deac53c059c9df24da9fe84140f00103f9014b253666020000009203244d69642d4361726f6c696e61204f62737465747269637320262047796e65636f6c6f6779,Mid-Carolina Obstetrics & Gynecology,(919) 781-5510,
Wake County,Raleigh,UNC REX Hospital Emergency Department,27607,-78.7037664,35.8184338,"UNC REX Hospital Emergency Department, 4420 Lake Boone Trail, Raleigh, NC 27607, United States of America","['healthcare', 'healthcare.hospital']",5184013a820aad53c05966dd5170c2e84140f00103f901b250366602000000920325554e432052455820486f73706974616c20456d657267656e6379204465706172746d656e74,UNC REX Hospital Emergency Department,(919) 784-1615,
Wake County,Raleigh,Wake Radiology UNC REX Healthcare - West Raleigh Breast Imaging,27607,-78.7016241,35.8147461,"Wake Radiology UNC REX Healthcare - West Raleigh Breast Imaging, 4301 Lake Boone Trail, Raleigh, NC 27607, United States of America","['healthcare', 'healthcare.clinic_or_praxis.radiology', 'healthcare.hospital']",5178e5c468e7ac53c059556aa69949e84140f00103f901fc6036660200000092033f57616b6520526164696f6c6f677920554e4320524558204865616c746863617265202d20576573742052616c656967682042726561737420496d6167696e67,Wake Radiology UNC REX Healthcare - West Raleigh Breast Imaging,(919) 781-6707,
Wake County,Raleigh,"Glaucoma and Cataract Associates of North Carolina, P.C.",27607,-78.7004466,35.814611,"Glaucoma and Cataract Associates of North Carolina, P.C., 4201 Lake Boone Trail, Raleigh, NC 27607, United States of America","['healthcare', 'healthcare.hospital']",510ae6f91dd4ac53c059df5f592c45e84140f00103f9013284366602000000920338476c6175636f6d6120616e64204361746172616374204173736f636961746573206f66204e6f727468204361726f6c696e612c20502e432e,"Glaucoma and Cataract Associates of North Carolina, P.C.",(919) 659-8436,
Wake County,Raleigh,WakeMed Cardiovascular & Thoracic Surgery,27610,-78.5891127,35.7847565,"WakeMed Cardiovascular & Thoracic Surgery, 3000 New Bern Avenue, Raleigh, NC 27610, United States of America","['healthcare', 'healthcare.hospital']",51210ac105b4a553c0599fcca6e672e44140f00103f90113f436660200000092032957616b654d65642043617264696f76617363756c617220262054686f72616369632053757267657279,WakeMed Cardiovascular & Thoracic Surgery,(919) 231-6333,
Wake County,Cary,UNC REX Healthcare,27511,-78.80954335683707,35.754381800000004,"UNC REX Healthcare, 1505 Southwest Cary Parkway, Cary, NC 27511, United States of America","['healthcare', 'healthcare.hospital']",51ce59035ccfb353c059a11edda18fe04140f00102f9011453f00100000000920312554e4320524558204865616c746863617265,UNC REX Healthcare,,
Wake County,Cary,UNC REX Healthcare,27511,-78.81063034950162,35.753518099999994,"UNC REX Healthcare, 1505 Southwest Cary Parkway, Cary, NC 27511, United States of America","['healthcare', 'healthcare.hospital']",518cd7c5e4e0b353c05992820d2172e04140f00102f9011753f00100000000920312554e4320524558204865616c746863617265,UNC REX Healthcare,,
Wake County,Raleigh,WakeMed Health & Hospitals: Raleigh Medical Park,27602,-78.58542003429349,35.78700705,"WakeMed Health & Hospitals: Raleigh Medical Park, Sunnybrook Road, Raleigh, NC 27602, United States of America","['healthcare', 'healthcare.hospital']",51b7f8332678a553c0597e539afcbde44140f00102f90110d5cf0b0000000092033057616b654d6564204865616c7468202620486f73706974616c733a2052616c65696768204d65646963616c205061726b,WakeMed Health & Hospitals: Raleigh Medical Park,,
Wake County,Raleigh,Wakemed Heart Center,27610,-78.5891359,35.7846543,"Wakemed Heart Center, 3000 New Bern Avenue, Raleigh, NC 27610, United States of America","['healthcare', 'healthcare.hospital']",5192d90f67b4a553c0596ff8558d6fe44140f00103f901a36168900100000092031457616b656d65642048656172742043656e746572,Wakemed Heart Center,,
Washington County,Plymouth,Washington Regional Medical Center,27962,-76.72941164261957,35.862669100000005,"Washington Regional Medical Center, 958 U.S. Highway 64 East, Plymouth, NC 27962, United States of America","['building', 'building.healthcare', 'healthcare', 'healthcare.hospital']",51d6ef928eaf2e53c05922d33cde6dee4140f00102f9014eae93030000000092032257617368696e67746f6e20526567696f6e616c204d65646963616c2043656e746572,Washington Regional Medical Center,+1 252 793 4135,http://www.wchonline.com/
Watauga County,Boone,Watauga Medical Center,28607,-81.65101212695183,36.198353350000005,"Watauga Medical Center, 336 Deerfield Road, Boone, NC 28607, United States of America","['healthcare', 'healthcare.hospital']",516f71b8d8ad6954c0592dc85e0461194240f00102f901ea78640c0000000092031657617461756761204d65646963616c2043656e746572,Watauga Medical Center,+1 828 262 4100,https://apprhs.org/wataugamedical/
Wayne County,Goldsboro,Wayne County Memorial Hospital,27534,-77.95247964388892,35.39867825,"Wayne County Memorial Hospital, 2700 Wayne Memorial Drive, Goldsboro, NC 27534, United States of America","['healthcare', 'healthcare.hospital']",51c32050a3f27c53c059faf4b66e08b34140f00102f9013dc2d11b0000000092031e5761796e6520436f756e7479204d656d6f7269616c20486f73706974616c,Wayne County Memorial Hospital,+1 919 736 1110,http://www.waynehealth.org/
Wayne County,Goldsboro,Cherry Hospital,27530,-78.0201427,35.3947777,"Cherry Hospital, 1401 West Ash Street, Goldsboro, NC 27530, United States of America","['healthcare', 'healthcare.clinic_or_praxis.psychiatry', 'healthcare.hospital']",5133709b044a8153c059eca85e1388b24140f00103f901eabd0f130100000092030f43686572727920486f73706974616c,Cherry Hospital,+1 919 947 7000,https://www.ncdhhs.gov/divisions/dsohf/cherry-hospital
Wilkes County,North Wilkesboro,Wilkes Regional Medical Center,28659,-81.15823651647887,36.160050999999996,"Wilkes Regional Medical Center, 1370 West D Street, North Wilkesboro, NC 28659, United States of America","['healthcare', 'healthcare.hospital']",51bd8367e0224a54c059eb0a479e6f144240f00102f901bc8b4d1a0000000092031e57696c6b657320526567696f6e616c204d65646963616c2043656e746572,Wilkes Regional Medical Center,+1 336 651 8100,http://wilkesregional.com/
Wilson County,Wilson,Wilson Medical Center,27893,-77.94366323898399,35.71872625,"Wilson Medical Center, 1705 Tarboro Street West, Wilson, NC 27893, United States of America","['healthcare', 'healthcare.hospital']",512815b871657c53c059b16ee1e702dc4140f00102f901abe5d21b0000000092031557696c736f6e204d65646963616c2043656e746572,Wilson Medical Center,+1 252 399 8040,https://www.wilsonmedical.com/
